{
  "train_loss": [
    0.07564347982406616,
    0.07156330347061157,
    0.07320932298898697,
    0.07723795622587204,
    0.07227188348770142,
    0.06667427718639374,
    0.06565218418836594,
    0.06716702878475189,
    0.06822165101766586,
    0.06818915158510208,
    0.06912503391504288,
    0.06973043084144592
  ],
  "val_mae": [
    39.66098403930664,
    51.98074722290039,
    53.2800178527832,
    54.70494842529297,
    53.833778381347656,
    53.397438049316406,
    56.29634475708008,
    60.51549530029297,
    62.13764572143555,
    61.878482818603516,
    61.27536392211914,
    63.05148696899414
  ]
}