{
  "train_loss": [
    0.07954007387161255,
    0.07952654361724854,
    0.06944846361875534,
    0.07086361199617386,
    0.07354360073804855,
    0.07648549228906631,
    0.07039031386375427,
    0.06538589298725128,
    0.07023676484823227,
    0.066195547580719,
    0.06548923999071121,
    0.07239619642496109
  ],
  "val_mae": [
    4.142332077026367,
    7.340303897857666,
    12.049245834350586,
    14.95237922668457,
    15.666092872619629,
    20.656686782836914,
    23.96881675720215,
    25.956668853759766,
    30.730314254760742,
    33.10533142089844,
    35.07487106323242,
    35.66396713256836
  ]
}