{
  "train_loss": [
    0.07442959398031235,
    0.06801943480968475,
    0.06843969970941544,
    0.0714164674282074,
    0.07002025842666626,
    0.07034077495336533,
    0.06967020779848099,
    0.0684514045715332,
    0.07163596898317337,
    0.06963919848203659,
    0.06711072474718094,
    0.06757718324661255,
    0.06805738806724548
  ],
  "val_mae": [
    24.298810958862305,
    39.71339416503906,
    35.26775360107422,
    37.910179138183594,
    36.68693542480469,
    44.70356369018555,
    45.41754913330078,
    49.69257736206055,
    46.49217224121094,
    51.46541976928711,
    53.17797088623047,
    58.11857986450195,
    57.63701629638672
  ]
}