{
  "train_loss": [
    0.07442695647478104,
    0.06886035948991776,
    0.06922387331724167,
    0.06666254252195358,
    0.06976772844791412,
    0.06760329008102417,
    0.07036142796278,
    0.06911200284957886,
    0.06601011753082275,
    0.06812924891710281,
    0.06802277266979218,
    0.06790253520011902,
    0.07372594624757767
  ],
  "val_mae": [
    19.25399398803711,
    24.76802635192871,
    23.740564346313477,
    33.33988952636719,
    36.985206604003906,
    38.504722595214844,
    43.379356384277344,
    45.01319885253906,
    47.17477798461914,
    43.789730072021484,
    41.280765533447266,
    41.65007400512695,
    43.56230545043945
  ]
}