{
  "train_loss": [
    0.07150692492723465,
    0.058467913419008255,
    0.06578966975212097,
    0.055095452815294266,
    0.06952996551990509,
    0.07367126643657684,
    0.09605191648006439,
    0.06137724965810776,
    0.07650408148765564,
    0.06954103708267212,
    0.06917566061019897,
    0.06871505826711655
  ],
  "val_mae": [
    8.940311431884766,
    17.733562469482422,
    47.40995407104492,
    51.10886764526367,
    61.30427932739258,
    57.54436111450195,
    62.08576583862305,
    69.95907592773438,
    71.03001403808594,
    69.71952819824219,
    71.3000259399414,
    79.65686798095703
  ]
}