{
  "train_loss": [
    0.07807912677526474,
    0.07227841764688492,
    0.07244806736707687,
    0.07058213651180267,
    0.07159685343503952,
    0.071083664894104,
    0.07085979729890823,
    0.07064410299062729,
    0.06955336779356003,
    0.07080680131912231,
    0.07083675265312195,
    0.07031379640102386
  ],
  "val_mae": [
    1.2356858253479004,
    1.6413172483444214,
    1.866997241973877,
    2.0358593463897705,
    2.229480028152466,
    2.3956520557403564,
    2.6250057220458984,
    3.022423028945923,
    3.322244644165039,
    3.673039436340332,
    4.035390853881836,
    4.213270664215088
  ]
}