{
  "train_loss": [
    0.08758876472711563,
    0.06857936084270477,
    0.10692329704761505,
    0.05923337861895561,
    0.07450336217880249,
    0.06380975991487503,
    0.07914413511753082,
    0.06584062427282333,
    0.06778322160243988,
    0.047667890787124634,
    0.05610537528991699,
    0.037935033440589905
  ],
  "val_mae": [
    7.332436561584473,
    22.262134552001953,
    29.96103286743164,
    31.73065185546875,
    36.27337646484375,
    37.21007537841797,
    45.83169174194336,
    54.091670989990234,
    58.224754333496094,
    67.19256591796875,
    70.26502227783203,
    81.38875579833984
  ]
}