{
  "train_loss": [
    0.0752951130270958,
    0.0796857550740242,
    0.07270748913288116,
    0.06553301215171814,
    0.0715850368142128,
    0.06665598601102829,
    0.06287693977355957,
    0.07109561562538147,
    0.07235486805438995,
    0.06038960441946983,
    0.06951260566711426,
    0.06521904468536377
  ],
  "val_mae": [
    24.042577743530273,
    36.71152877807617,
    52.57686233520508,
    57.49212646484375,
    55.430084228515625,
    53.52543258666992,
    56.55320739746094,
    56.68980407714844,
    61.370201110839844,
    58.6943473815918,
    57.86273193359375,
    59.270545959472656
  ]
}