{
  "train_loss": [
    0.07738371193408966,
    0.07624341547489166,
    0.07130532711744308,
    0.07073311507701874,
    0.07194920629262924,
    0.07143018394708633,
    0.07622285187244415,
    0.07199086248874664,
    0.0722411721944809,
    0.07087372243404388,
    0.06976205855607986,
    0.06891466677188873,
    0.07384010404348373,
    0.0725138857960701
  ],
  "val_mae": [
    25.419960021972656,
    46.12480545043945,
    46.99168395996094,
    44.29640197753906,
    45.230533599853516,
    45.837799072265625,
    46.197784423828125,
    47.82923889160156,
    48.80179214477539,
    49.81917190551758,
    50.202571868896484,
    51.53533172607422,
    52.7592658996582,
    53.54642868041992
  ]
}