{
  "train_loss": [
    0.08464311808347702,
    0.07879230380058289,
    0.07492304593324661,
    0.07301512360572815,
    0.07227097451686859,
    0.07195386290550232,
    0.07398916035890579,
    0.07441776245832443,
    0.07118532061576843,
    0.07306934893131256,
    0.07209450751543045,
    0.07094725966453552
  ],
  "val_mae": [
    0.6390792727470398,
    0.9194783568382263,
    1.2327693700790405,
    1.5283887386322021,
    1.812329649925232,
    2.0298731327056885,
    2.192988872528076,
    2.3250765800476074,
    2.383561372756958,
    2.471379041671753,
    2.599623441696167,
    2.66300892829895
  ]
}