{
  "train_loss": [
    0.07950317859649658,
    0.058035824447870255,
    0.06283430010080338,
    0.062219347804784775,
    0.04986711964011192,
    0.07059570401906967,
    0.06715939939022064,
    0.05762110650539398,
    0.07170378416776657,
    0.06415918469429016,
    0.08393090963363647,
    0.0625235065817833,
    0.05907947197556496,
    0.09188415110111237,
    0.05790165439248085,
    0.07820026576519012,
    0.06275767832994461,
    0.06968772411346436,
    0.07821857184171677,
    0.06380219757556915,
    0.0595984123647213,
    0.06567218899726868,
    0.05513615161180496
  ],
  "val_mae": [
    228.58534240722656,
    172.98435974121094,
    179.12303161621094,
    167.81849670410156,
    207.3048553466797,
    180.22067260742188,
    161.33950805664062,
    142.99195861816406,
    128.26315307617188,
    120.97024536132812,
    112.66162109375,
    108.9769058227539,
    107.78182220458984,
    108.9433822631836,
    113.79898834228516,
    113.68728637695312,
    116.334716796875,
    112.7184066772461,
    110.68502044677734,
    117.66077423095703,
    117.28874206542969,
    116.44123840332031,
    122.51394653320312
  ]
}