{
  "train_loss": [
    0.07015178352594376,
    0.07588998228311539,
    0.07562289386987686,
    0.07197597622871399,
    0.06438422203063965,
    0.06205134838819504,
    0.0676460787653923,
    0.0642150267958641,
    0.07382800430059433,
    0.07846557348966599,
    0.05974254384636879,
    0.06697752326726913,
    0.06749182939529419,
    0.0666005089879036
  ],
  "val_mae": [
    77.87763977050781,
    102.53339385986328,
    84.86942291259766,
    75.20097351074219,
    102.08316802978516,
    114.89175415039062,
    111.14937591552734,
    118.43685150146484,
    114.67095947265625,
    114.1731948852539,
    114.6008529663086,
    115.27457427978516,
    114.41364288330078,
    110.77571105957031
  ]
}