{
  "train_loss": [
    0.06229636073112488,
    0.042960792779922485,
    0.037690211087465286,
    0.05320785939693451,
    0.0789121761918068,
    0.0664042979478836,
    0.04752567782998085,
    0.0743681788444519,
    0.06659776717424393,
    0.07549439370632172,
    0.05213383212685585,
    0.05571442097425461
  ],
  "val_mae": [
    99.298583984375,
    115.7978744506836,
    162.33969116210938,
    150.49879455566406,
    164.39389038085938,
    155.71591186523438,
    174.25332641601562,
    154.51309204101562,
    138.56887817382812,
    135.9730224609375,
    132.2179412841797,
    127.6069564819336
  ]
}