{
  "train_loss": [
    0.08242722600698471,
    0.07577277719974518,
    0.08032682538032532,
    0.08195005357265472,
    0.07392667233943939,
    0.0696316808462143,
    0.06973790377378464,
    0.07640206813812256,
    0.06824467331171036,
    0.06985058635473251,
    0.072270967066288,
    0.06842680275440216
  ],
  "val_mae": [
    1.478667974472046,
    2.0831615924835205,
    2.7037432193756104,
    3.699730634689331,
    4.718556880950928,
    5.536807060241699,
    6.189638137817383,
    7.242473125457764,
    8.253829002380371,
    9.35519790649414,
    10.568634986877441,
    11.70266342163086
  ]
}