{
  "train_loss": [
    0.07610608637332916,
    0.07241132110357285,
    0.07039845734834671,
    0.07269354909658432,
    0.07159723341464996,
    0.06952791661024094,
    0.07135257124900818,
    0.07086946815252304,
    0.07030322402715683,
    0.06979994475841522,
    0.07058493047952652,
    0.07058651000261307
  ],
  "val_mae": [
    3.1605398654937744,
    4.380270481109619,
    4.798132419586182,
    5.630961894989014,
    6.630766868591309,
    7.142171859741211,
    7.71481466293335,
    8.551827430725098,
    8.945178985595703,
    8.863399505615234,
    8.947568893432617,
    8.806288719177246
  ]
}