{
  "train_loss": [
    0.08416366577148438,
    0.08412900567054749,
    0.08093704283237457,
    0.08042552322149277,
    0.07994834333658218,
    0.08009804040193558,
    0.07952684909105301,
    0.07798003405332565,
    0.07673169672489166,
    0.07579981535673141,
    0.07731235027313232,
    0.07754331082105637
  ],
  "val_mae": [
    0.3015013337135315,
    0.30888041853904724,
    0.31575000286102295,
    0.3220917582511902,
    0.3275696337223053,
    0.33438584208488464,
    0.34138813614845276,
    0.34859925508499146,
    0.3563637435436249,
    0.3644378185272217,
    0.37448763847351074,
    0.38548049330711365
  ]
}