{
  "train_loss": [
    0.08126604557037354,
    0.07828794419765472,
    0.07420805096626282,
    0.07474807649850845,
    0.07315327227115631,
    0.07217797636985779,
    0.07280167192220688,
    0.07211533933877945,
    0.07307906448841095,
    0.07191568613052368,
    0.07219165563583374,
    0.07226809859275818
  ],
  "val_mae": [
    0.7344615459442139,
    0.9353061318397522,
    1.1362143754959106,
    1.346056580543518,
    1.5203222036361694,
    1.651361346244812,
    1.7464854717254639,
    1.8190230131149292,
    1.9346590042114258,
    2.0174710750579834,
    2.085569143295288,
    2.157261610031128
  ]
}