{
  "train_loss": [
    0.07074646651744843,
    0.07053360342979431,
    0.07351110130548477,
    0.07220239192247391,
    0.06891810894012451,
    0.06959252059459686,
    0.06881599873304367,
    0.06937316060066223,
    0.07217897474765778,
    0.06940957903862,
    0.06879764795303345,
    0.07230693846940994,
    0.07193250954151154,
    0.07339243590831757,
    0.07108919322490692,
    0.07296939194202423,
    0.06930152326822281,
    0.0718902200460434
  ],
  "val_mae": [
    11.33818244934082,
    16.89558982849121,
    16.276874542236328,
    16.991573333740234,
    16.553312301635742,
    16.611433029174805,
    15.020270347595215,
    14.483260154724121,
    17.849681854248047,
    19.329952239990234,
    18.323341369628906,
    19.057079315185547,
    21.170751571655273,
    20.089122772216797,
    19.713176727294922,
    18.87139320373535,
    18.64742660522461,
    18.12155532836914
  ]
}