{
  "train_loss": [
    0.06704355031251907,
    0.08602022379636765,
    0.05439826101064682,
    0.08089795708656311,
    0.0606696754693985,
    0.04309367015957832,
    0.07404383271932602,
    0.058966826647520065,
    0.06603891402482986,
    0.04933798313140869,
    0.08130080252885818,
    0.053996261209249496,
    0.0708606168627739,
    0.06585462391376495,
    0.04961265251040459
  ],
  "val_mae": [
    86.92204284667969,
    361.3081970214844,
    341.5488586425781,
    328.085693359375,
    321.5929870605469,
    326.37127685546875,
    375.8272705078125,
    395.1948547363281,
    404.5694580078125,
    424.90673828125,
    399.6551513671875,
    384.5614929199219,
    364.8565979003906,
    357.4266052246094,
    353.127197265625
  ]
}