{
  "train_loss": [
    0.07850823551416397,
    0.07096423208713531,
    0.07287915796041489,
    0.0704745501279831,
    0.0715269222855568,
    0.0714511051774025,
    0.07000376284122467,
    0.06974176317453384,
    0.07139114290475845,
    0.07121340185403824,
    0.0707736536860466,
    0.07005896419286728
  ],
  "val_mae": [
    4.18278694152832,
    5.576810359954834,
    7.138957500457764,
    8.501420974731445,
    10.9729642868042,
    12.593839645385742,
    13.610589981079102,
    14.223222732543945,
    15.805943489074707,
    17.55126953125,
    17.572444915771484,
    18.399526596069336
  ]
}