{
  "train_loss": [
    0.08628511428833008,
    0.07557613402605057,
    0.07215350866317749,
    0.06804651767015457,
    0.07623324543237686,
    0.07630298286676407,
    0.06977268308401108,
    0.07162658125162125,
    0.06873886287212372,
    0.06998328119516373,
    0.0721474289894104,
    0.06990659981966019
  ],
  "val_mae": [
    5.3735785484313965,
    7.0462965965271,
    8.979727745056152,
    11.126470565795898,
    11.846929550170898,
    13.422243118286133,
    15.258978843688965,
    16.66156005859375,
    16.93909454345703,
    17.20418930053711,
    17.160551071166992,
    16.74343490600586
  ]
}