{
  "train_loss": [
    0.07299400120973587,
    0.07269857823848724,
    0.0709310844540596,
    0.07064693421125412,
    0.07174348831176758,
    0.07127203792333603,
    0.07119698822498322,
    0.07044518738985062,
    0.07137466967105865,
    0.07010558247566223,
    0.07087631523609161,
    0.07134908437728882
  ],
  "val_mae": [
    3.8024277687072754,
    6.240630149841309,
    9.068044662475586,
    9.506226539611816,
    11.647808074951172,
    12.50298023223877,
    12.411131858825684,
    11.770821571350098,
    12.657424926757812,
    12.154685974121094,
    12.349495887756348,
    12.111307144165039
  ]
}