{
  "train_loss": [
    0.07306486368179321,
    0.06672782450914383,
    0.06267280876636505,
    0.06409668177366257,
    0.062336940318346024,
    0.062030129134655,
    0.06129405274987221,
    0.06521201878786087,
    0.07106373459100723,
    0.06530489772558212,
    0.06262103468179703,
    0.0636623427271843,
    0.08187558501958847,
    0.056215550750494,
    0.06700161844491959,
    0.056932780891656876,
    0.07460159808397293,
    0.06102057918906212,
    0.0598548948764801,
    0.05796045809984207,
    0.061975665390491486,
    0.06830692291259766,
    0.06203716993331909,
    0.05725093558430672,
    0.06166667491197586,
    0.0707850456237793,
    0.06084015592932701,
    0.06628106534481049,
    0.07005464285612106,
    0.06628928333520889
  ],
  "val_mae": [
    77.0414047241211,
    106.83863067626953,
    187.03822326660156,
    155.83990478515625,
    147.34872436523438,
    127.15754699707031,
    122.11180114746094,
    120.09007263183594,
    115.12769317626953,
    109.46407318115234,
    103.36817169189453,
    103.83073425292969,
    99.43360137939453,
    97.94364929199219,
    95.34353637695312,
    93.38784790039062,
    91.5136489868164,
    91.23989868164062,
    88.13394165039062,
    87.18045806884766,
    87.76383972167969,
    89.45138549804688,
    92.2571792602539,
    96.36605834960938,
    103.49652862548828,
    102.93084716796875,
    104.4811782836914,
    105.65415954589844,
    103.8063735961914,
    104.7771987915039
  ]
}