{
  "train_loss": [
    0.07921429723501205,
    0.062346648424863815,
    0.06294524669647217,
    0.052472736686468124,
    0.08063347637653351,
    0.06779562681913376,
    0.06883354485034943,
    0.06546268612146378,
    0.08478117734193802,
    0.059144653379917145,
    0.07297592610120773,
    0.06889459490776062
  ],
  "val_mae": [
    61.751060485839844,
    72.6624526977539,
    125.49461364746094,
    140.9403076171875,
    116.24444580078125,
    110.09475708007812,
    111.65289306640625,
    104.4414291381836,
    106.51594543457031,
    107.16040802001953,
    100.58924865722656,
    100.78711700439453
  ]
}