{
  "train_loss": [
    0.07527811080217361,
    0.08031623810529709,
    0.07485712319612503,
    0.07270179688930511,
    0.0771857500076294,
    0.07186437398195267,
    0.0635741725564003,
    0.06869861483573914,
    0.07233497500419617,
    0.06260061264038086,
    0.06111861765384674,
    0.06580004096031189,
    0.07460466027259827
  ],
  "val_mae": [
    20.272647857666016,
    54.33937072753906,
    47.58062744140625,
    48.60659408569336,
    55.61845397949219,
    57.8424072265625,
    57.20782470703125,
    63.08306884765625,
    65.45870208740234,
    68.16824340820312,
    70.88313293457031,
    71.40742492675781,
    70.92723846435547
  ]
}