{
  "train_loss": [
    0.08181368559598923,
    0.07857556641101837,
    0.07704395800828934,
    0.07762177288532257,
    0.07480591535568237,
    0.07456965744495392,
    0.0735577866435051,
    0.07374663650989532,
    0.07254943996667862,
    0.07177740335464478,
    0.07100725919008255,
    0.07148870825767517
  ],
  "val_mae": [
    1.0486369132995605,
    1.3876240253448486,
    1.8323922157287598,
    2.540266275405884,
    3.3060319423675537,
    4.125668525695801,
    4.620870590209961,
    5.0549774169921875,
    5.279797554016113,
    5.558417797088623,
    5.763453006744385,
    5.906038761138916
  ]
}