{
  "train_loss": [
    0.06536146253347397,
    0.09820599108934402,
    0.07073134183883667,
    0.06151970103383064,
    0.0674809068441391,
    0.07027279585599899,
    0.06096649169921875,
    0.05971163511276245,
    0.07670796662569046,
    0.07859378308057785,
    0.07016205042600632,
    0.0667821541428566
  ],
  "val_mae": [
    12.019562721252441,
    22.22428321838379,
    28.443702697753906,
    39.90020751953125,
    38.60435104370117,
    42.689212799072266,
    42.24423599243164,
    46.59918212890625,
    45.7409782409668,
    44.19647216796875,
    49.219932556152344,
    50.03681945800781
  ]
}