{
  "train_loss": [
    0.0808383971452713,
    0.07772659510374069,
    0.07657604664564133,
    0.07457609474658966,
    0.07469930499792099,
    0.0730186328291893,
    0.07314637303352356,
    0.07262685149908066,
    0.07230556011199951,
    0.07254020869731903,
    0.07316485792398453,
    0.07305700331926346
  ],
  "val_mae": [
    0.3887115716934204,
    0.4605441093444824,
    0.5553475022315979,
    0.6595587730407715,
    0.7622116208076477,
    0.8700956106185913,
    0.9478170871734619,
    1.020538330078125,
    1.0902235507965088,
    1.1526910066604614,
    1.206755518913269,
    1.2652944326400757
  ]
}