{
  "train_loss": [
    0.07995495200157166,
    0.07827655971050262,
    0.07694756239652634,
    0.07254943996667862,
    0.07181592285633087,
    0.07196549326181412,
    0.0705791488289833,
    0.07233298569917679,
    0.07272560149431229,
    0.07228712737560272,
    0.07190477848052979,
    0.07097331434488297
  ],
  "val_mae": [
    0.5252144932746887,
    0.7015950679779053,
    1.0430010557174683,
    1.5012866258621216,
    1.7749428749084473,
    2.020634174346924,
    2.1121630668640137,
    2.169076919555664,
    2.255821704864502,
    2.340036153793335,
    2.4498841762542725,
    2.4957332611083984
  ]
}