{
  "train_loss": [
    0.07140002399682999,
    0.06986421346664429,
    0.07159332185983658,
    0.07180292159318924,
    0.07009299844503403,
    0.06785783171653748,
    0.06926210224628448,
    0.07078876346349716,
    0.07035043090581894,
    0.06984718143939972,
    0.07050556689500809,
    0.06938242167234421
  ],
  "val_mae": [
    21.194412231445312,
    18.58050537109375,
    27.925668716430664,
    34.050498962402344,
    31.75785255432129,
    31.21414566040039,
    29.222187042236328,
    29.17008399963379,
    28.233047485351562,
    28.43570327758789,
    29.42346954345703,
    29.18391227722168
  ]
}