{
  "train_loss": [
    0.0806392952799797,
    0.0699588805437088,
    0.07336310297250748,
    0.06765980273485184,
    0.07158227264881134,
    0.07447567582130432,
    0.06821957230567932,
    0.07008682936429977,
    0.07131928950548172,
    0.07009971141815186,
    0.06800694763660431,
    0.06765999644994736
  ],
  "val_mae": [
    16.426773071289062,
    16.540908813476562,
    23.27696418762207,
    25.67717170715332,
    25.6263484954834,
    25.973796844482422,
    26.16399383544922,
    25.63612174987793,
    27.859390258789062,
    29.893321990966797,
    31.464509963989258,
    34.025203704833984
  ]
}