{
  "train_loss": [
    0.07754192501306534,
    0.09140602499246597,
    0.06565243750810623,
    0.06865284591913223,
    0.07417788356542587,
    0.05750909447669983,
    0.06315305083990097,
    0.0668768659234047,
    0.06922128051519394,
    0.0573141984641552,
    0.058367419987916946,
    0.054617989808321
  ],
  "val_mae": [
    14.90346908569336,
    28.22952651977539,
    29.316699981689453,
    34.084716796875,
    41.4145622253418,
    46.09737777709961,
    50.07219696044922,
    53.47196960449219,
    52.44546890258789,
    52.3884162902832,
    57.355018615722656,
    66.8985366821289
  ]
}