{
  "train_loss": [
    0.09586707502603531,
    0.09255901724100113,
    0.07826782017946243,
    0.06136327609419823,
    0.0737784206867218,
    0.08891741186380386,
    0.07993588596582413,
    0.06591564416885376,
    0.06423046439886093,
    0.056008316576480865,
    0.05919837951660156,
    0.08758161216974258
  ],
  "val_mae": [
    16.448963165283203,
    16.945432662963867,
    22.882465362548828,
    26.524375915527344,
    29.12624168395996,
    33.7596435546875,
    35.131187438964844,
    40.246620178222656,
    41.94587707519531,
    42.6086311340332,
    42.61027145385742,
    41.323402404785156
  ]
}