{
  "train_loss": [
    0.07906359434127808,
    0.07005216926336288,
    0.07146944850683212,
    0.07140212506055832,
    0.06995297223329544,
    0.06953183561563492,
    0.07032357156276703,
    0.07016526162624359,
    0.0699504017829895,
    0.07047340273857117,
    0.0689416378736496,
    0.07158850878477097
  ],
  "val_mae": [
    5.72673225402832,
    5.956231117248535,
    10.127815246582031,
    11.141427993774414,
    13.001683235168457,
    14.597333908081055,
    15.490832328796387,
    15.792181968688965,
    16.447368621826172,
    17.00066375732422,
    17.42598533630371,
    17.35466194152832
  ]
}