{
  "train_loss": [
    0.08274280279874802,
    0.07141837477684021,
    0.07375817745923996,
    0.072233185172081,
    0.07339728623628616,
    0.0734918937087059,
    0.06949694454669952,
    0.06938980519771576,
    0.06593900173902512,
    0.06988432258367538,
    0.06899596005678177,
    0.06817086040973663
  ],
  "val_mae": [
    3.4072344303131104,
    5.781562805175781,
    7.969146728515625,
    10.575316429138184,
    13.252215385437012,
    17.033004760742188,
    22.31464958190918,
    27.89525604248047,
    30.38576316833496,
    29.53156089782715,
    30.782920837402344,
    32.16893768310547
  ]
}