{
  "train_loss": [
    0.058798082172870636,
    0.053528159856796265,
    0.0662502646446228,
    0.06757655739784241,
    0.0652746707201004,
    0.06048677861690521,
    0.06751685589551926,
    0.06900689750909805,
    0.06645351648330688,
    0.06233251467347145,
    0.06336674839258194,
    0.050957441329956055,
    0.05921962484717369
  ],
  "val_mae": [
    46.559688568115234,
    42.064453125,
    40.8244743347168,
    43.58738708496094,
    54.781700134277344,
    57.22122573852539,
    55.32597351074219,
    54.461883544921875,
    58.19292068481445,
    57.44148635864258,
    61.888816833496094,
    70.63046264648438,
    72.557373046875
  ]
}