{
  "train_loss": [
    0.07254525274038315,
    0.07187961041927338,
    0.07116680592298508,
    0.07208867371082306,
    0.07239309698343277,
    0.07019704580307007,
    0.07083176076412201,
    0.07127656042575836,
    0.07091148942708969,
    0.07446393370628357,
    0.07010512053966522,
    0.07060535252094269,
    0.07000546157360077,
    0.07086460292339325
  ],
  "val_mae": [
    7.321770668029785,
    7.46771764755249,
    5.892373085021973,
    5.046720504760742,
    5.350194931030273,
    5.729343891143799,
    5.740760803222656,
    5.714890956878662,
    5.914708137512207,
    5.854982852935791,
    5.929798603057861,
    5.839534759521484,
    5.985645294189453,
    6.048061847686768
  ]
}