{
  "train_loss": [
    0.06662794202566147,
    0.06099743768572807,
    0.05693657323718071,
    0.0751919224858284,
    0.07744243741035461,
    0.05470685288310051,
    0.06440654397010803,
    0.055165983736515045,
    0.07040227204561234,
    0.0750589668750763,
    0.08135683089494705,
    0.05041920393705368,
    0.052367202937603,
    0.049055032432079315,
    0.056714702397584915
  ],
  "val_mae": [
    68.88238525390625,
    111.85083770751953,
    102.26469421386719,
    97.53973388671875,
    92.2396011352539,
    97.35120391845703,
    112.83683776855469,
    109.47412109375,
    102.21261596679688,
    101.82927703857422,
    103.96571350097656,
    105.8787612915039,
    110.08767700195312,
    114.71475219726562,
    119.14805603027344
  ]
}