{
  "train_loss": [
    0.07450277358293533,
    0.07099992781877518,
    0.06714141368865967,
    0.06869503855705261,
    0.06957166641950607,
    0.0722828283905983,
    0.06784121692180634,
    0.06954888999462128,
    0.06701904535293579,
    0.07260225713253021,
    0.06907488405704498,
    0.07232844829559326,
    0.0719643160700798,
    0.07077176868915558
  ],
  "val_mae": [
    19.777559280395508,
    29.104293823242188,
    27.853412628173828,
    23.915542602539062,
    25.151891708374023,
    26.75863265991211,
    28.63985252380371,
    30.067245483398438,
    29.1407527923584,
    28.501203536987305,
    29.499496459960938,
    29.472963333129883,
    30.474355697631836,
    30.74725341796875
  ]
}