{"train_loss": 0.014487755484879017, "_timestamp": 1655716683, "_runtime": 5, "_step": 5, "mean_loss": 0.014501319266855717, "_wandb": {"runtime": 3}}