{
  "train_loss": [
    0.07854925841093063,
    0.089268758893013,
    0.08184580504894257,
    0.09219177067279816,
    0.08272320032119751,
    0.08391106873750687,
    0.07808250188827515,
    0.08027509599924088,
    0.07518912851810455,
    0.08245377242565155,
    0.06983105093240738,
    0.0774535983800888
  ],
  "val_mae": [
    0.5912790894508362,
    0.7801250219345093,
    0.9366044402122498,
    1.0773612260818481,
    1.2957209348678589,
    1.6157373189926147,
    2.0420258045196533,
    2.4783935546875,
    2.9373703002929688,
    3.4345591068267822,
    3.8984429836273193,
    4.521791934967041
  ]
}