{
  "train_loss": [
    0.07555686682462692,
    0.07265190780162811,
    0.07236652076244354,
    0.07109051197767258,
    0.07213781774044037,
    0.07246185839176178,
    0.07114801555871964,
    0.07129047811031342,
    0.07144226133823395,
    0.07189684361219406,
    0.07130701839923859,
    0.07093053311109543
  ],
  "val_mae": [
    2.0122551918029785,
    2.6360785961151123,
    3.3136420249938965,
    3.7552716732025146,
    4.439337253570557,
    4.3548583984375,
    4.704668045043945,
    4.778732776641846,
    4.951897144317627,
    5.01516056060791,
    5.1652045249938965,
    5.3368239402771
  ]
}