{
  "train_loss": [
    0.07911207526922226,
    0.06973918527364731,
    0.07137370854616165,
    0.07211627811193466,
    0.06234685704112053,
    0.07127733528614044,
    0.06901823729276657,
    0.07324713468551636,
    0.07074330747127533,
    0.06842822581529617,
    0.06957242637872696,
    0.06629107147455215,
    0.06639893352985382,
    0.06724660098552704
  ],
  "val_mae": [
    84.62530517578125,
    75.86370849609375,
    64.72694396972656,
    61.278656005859375,
    68.45323944091797,
    72.44100189208984,
    70.67388916015625,
    70.18830108642578,
    68.73828125,
    68.21559143066406,
    70.03004455566406,
    72.53770446777344,
    73.02906799316406,
    72.75975036621094
  ]
}