{
  "train_loss": [
    0.06708972901105881,
    0.06416690349578857,
    0.06685817241668701,
    0.06575300544500351,
    0.06522388756275177,
    0.06539012491703033,
    0.06291915476322174,
    0.06729846447706223,
    0.0593443289399147,
    0.06893008947372437,
    0.06371461600065231,
    0.06305715441703796,
    0.07529126852750778
  ],
  "val_mae": [
    65.64691925048828,
    68.5939712524414,
    63.219154357910156,
    67.07067108154297,
    70.47312927246094,
    70.72687530517578,
    81.85847473144531,
    82.62358093261719,
    77.161376953125,
    74.82223510742188,
    72.06794738769531,
    69.61341094970703,
    69.34080505371094
  ]
}