{
  "train_loss": [
    0.08168427646160126,
    0.08143427222967148,
    0.07767854630947113,
    0.07887039333581924,
    0.08142837136983871,
    0.07515056431293488,
    0.07694932818412781,
    0.07423927634954453,
    0.07803326845169067,
    0.07296790927648544,
    0.07373116165399551,
    0.07147970795631409
  ],
  "val_mae": [
    0.8478659391403198,
    1.1597635746002197,
    1.508047342300415,
    1.9368760585784912,
    2.462643623352051,
    3.0378456115722656,
    3.664076328277588,
    4.324106216430664,
    5.104630470275879,
    5.8093390464782715,
    6.294694423675537,
    6.682141304016113
  ]
}