{
  "train_loss": [
    0.08328157663345337,
    0.08259788155555725,
    0.07835400849580765,
    0.08003751933574677,
    0.07711786776781082,
    0.07781427353620529,
    0.07618547230958939,
    0.07389895617961884,
    0.07585178315639496,
    0.07392136752605438,
    0.07391322404146194,
    0.07419116050004959
  ],
  "val_mae": [
    0.2994544804096222,
    0.3917973041534424,
    0.5085400342941284,
    0.6613612174987793,
    0.8406858444213867,
    1.0485962629318237,
    1.278997540473938,
    1.5447936058044434,
    1.8226910829544067,
    2.1148293018341064,
    2.3968276977539062,
    2.6295340061187744
  ]
}