{
  "train_loss": [
    0.08108234405517578,
    0.07606372982263565,
    0.07584597915410995,
    0.07568330317735672,
    0.07467716932296753,
    0.07401464134454727,
    0.0749693512916565,
    0.07442796230316162,
    0.07404714822769165,
    0.0747232511639595,
    0.07356157898902893,
    0.07332240045070648
  ],
  "val_mae": [
    1.389361023902893,
    1.679256796836853,
    1.9532654285430908,
    2.174596071243286,
    2.3918163776397705,
    2.537753105163574,
    2.709092140197754,
    2.8944971561431885,
    3.0800743103027344,
    3.24180269241333,
    3.3163933753967285,
    3.451481342315674
  ]
}