{
  "train_loss": [
    0.07734278589487076,
    0.07191330194473267,
    0.07154473662376404,
    0.07102309912443161,
    0.07138636708259583,
    0.0704224482178688,
    0.07085122913122177,
    0.07146652042865753,
    0.07141660153865814,
    0.07054747641086578,
    0.070744089782238,
    0.06996934115886688
  ],
  "val_mae": [
    1.8744324445724487,
    2.445060968399048,
    2.631376266479492,
    3.3255317211151123,
    3.3700032234191895,
    3.4928033351898193,
    3.75246000289917,
    3.700134515762329,
    3.8573927879333496,
    3.989037275314331,
    4.071487903594971,
    4.117861270904541
  ]
}