{
  "train_loss": [
    0.0590953566133976,
    0.0671747475862503,
    0.04767914488911629,
    0.06553058326244354,
    0.06013154983520508,
    0.03374427184462547,
    0.07363612204790115,
    0.04550124332308769,
    0.06671397387981415,
    0.0771360769867897,
    0.05459257960319519,
    0.06527421623468399
  ],
  "val_mae": [
    6.063513278961182,
    22.0342960357666,
    31.879013061523438,
    53.42934036254883,
    86.52851867675781,
    99.56331634521484,
    99.36381530761719,
    121.30071258544922,
    116.4273910522461,
    109.17007446289062,
    104.69648742675781,
    104.66450500488281
  ]
}