{
  "train_loss": [
    0.08046098798513412,
    0.08164825290441513,
    0.08171308785676956,
    0.07885473966598511,
    0.07680095732212067,
    0.07635863870382309,
    0.07557377219200134,
    0.07467415928840637,
    0.072182796895504,
    0.07520640641450882,
    0.07133600115776062,
    0.07153952121734619
  ],
  "val_mae": [
    0.6298710107803345,
    1.010290503501892,
    1.43789803981781,
    1.9620811939239502,
    2.539818286895752,
    3.1970152854919434,
    3.8503851890563965,
    4.499291896820068,
    5.132757186889648,
    5.7630085945129395,
    6.339781284332275,
    6.9266676902771
  ]
}