{
  "train_loss": [
    0.08165183663368225,
    0.10119204223155975,
    0.07706964761018753,
    0.09427538514137268,
    0.1034945398569107,
    0.06570667028427124,
    0.08240193873643875,
    0.07714672386646271,
    0.07347835600376129,
    0.06601712107658386,
    0.07992321252822876,
    0.0588596910238266
  ],
  "val_mae": [
    1.7333729267120361,
    2.0616650581359863,
    2.4906957149505615,
    2.977083444595337,
    3.6127429008483887,
    4.253960609436035,
    4.879359245300293,
    5.437136650085449,
    5.928374290466309,
    6.416891574859619,
    6.905258655548096,
    7.380473613739014
  ]
}