{
  "train_loss": [
    0.08117611706256866,
    0.0711723268032074,
    0.0764961913228035,
    0.06767601519823074,
    0.07005252689123154,
    0.06811404973268509,
    0.07128603756427765,
    0.07091730087995529,
    0.060022011399269104,
    0.07195533812046051,
    0.08610173314809799,
    0.06645683944225311,
    0.07492680102586746,
    0.07512976229190826
  ],
  "val_mae": [
    121.371826171875,
    76.40949249267578,
    74.38835144042969,
    66.85467529296875,
    67.77483367919922,
    69.09750366210938,
    71.63111877441406,
    84.38712310791016,
    92.4147720336914,
    83.27680969238281,
    78.6498794555664,
    75.07331848144531,
    72.89471435546875,
    70.9151840209961
  ]
}