{
  "train_loss": [
    0.0766482949256897,
    0.07153510302305222,
    0.07219920307397842,
    0.07152984291315079,
    0.07162003219127655,
    0.0711357444524765,
    0.07226739078760147,
    0.07151693850755692,
    0.07059371471405029,
    0.07065672427415848,
    0.07109181582927704,
    0.07101427763700485
  ],
  "val_mae": [
    1.2338885068893433,
    1.4015262126922607,
    1.4953746795654297,
    1.5807627439498901,
    1.7451647520065308,
    1.856396198272705,
    1.9282777309417725,
    2.1192562580108643,
    2.2700629234313965,
    2.2520060539245605,
    2.3108577728271484,
    2.377025604248047
  ]
}