{
  "train_loss": [
    0.07290267199277878,
    0.09020621329545975,
    0.0859082043170929,
    0.08415105938911438,
    0.08796391636133194,
    0.07400950789451599,
    0.07687333971261978,
    0.06624636054039001,
    0.07341688126325607,
    0.08247539401054382,
    0.06984195113182068,
    0.07944243401288986
  ],
  "val_mae": [
    3.4033007621765137,
    4.927300453186035,
    7.053426265716553,
    9.807731628417969,
    12.893441200256348,
    16.202228546142578,
    20.60223388671875,
    23.37205696105957,
    25.830209732055664,
    28.94880485534668,
    32.09833526611328,
    36.38656234741211
  ]
}