{
  "train_loss": [
    0.08185013383626938,
    0.07210370153188705,
    0.0733046606183052,
    0.0726333037018776,
    0.06959371268749237,
    0.06853464990854263,
    0.07029362767934799,
    0.071074940264225,
    0.06981868296861649,
    0.07353386282920837,
    0.07015664130449295,
    0.07363814115524292,
    0.0671943798661232,
    0.06996326893568039,
    0.07229204475879669
  ],
  "val_mae": [
    11.427403450012207,
    17.796815872192383,
    17.714378356933594,
    17.142881393432617,
    16.074140548706055,
    16.964258193969727,
    17.19969367980957,
    17.620637893676758,
    17.7070255279541,
    17.979204177856445,
    17.58954429626465,
    18.203590393066406,
    18.95348358154297,
    18.479555130004883,
    18.29486656188965
  ]
}