{
  "train_loss": [
    0.07652763277292252,
    0.07336509972810745,
    0.07256165146827698,
    0.07145300507545471,
    0.07193990051746368,
    0.07147647440433502,
    0.07152991741895676,
    0.0707465410232544,
    0.07155709713697433,
    0.07138904184103012,
    0.07278858870267868,
    0.07165926694869995
  ],
  "val_mae": [
    2.099036455154419,
    2.5033531188964844,
    2.6988525390625,
    2.9202277660369873,
    3.0958688259124756,
    3.2483229637145996,
    3.4109203815460205,
    3.574106454849243,
    3.687077760696411,
    3.782283306121826,
    3.8614892959594727,
    4.0451226234436035
  ]
}