{
  "train_loss": [
    0.09315451979637146,
    0.0796617791056633,
    0.07720085233449936,
    0.06887711584568024,
    0.07594826817512512,
    0.06460054963827133,
    0.06590013951063156,
    0.06912644952535629,
    0.07097437977790833,
    0.058662690222263336,
    0.07076623290777206,
    0.07133200764656067,
    0.0742797926068306
  ],
  "val_mae": [
    17.00665855407715,
    9.725974082946777,
    9.498979568481445,
    12.971915245056152,
    16.70353126525879,
    19.59247589111328,
    29.979761123657227,
    38.3603401184082,
    41.351585388183594,
    50.4595947265625,
    56.10978317260742,
    61.00494384765625,
    70.48160552978516
  ]
}