{
  "train_loss": [
    0.07726273685693741,
    0.07725754380226135,
    0.07009202241897583,
    0.07197850197553635,
    0.06703077256679535,
    0.06959903985261917,
    0.07669635117053986,
    0.07199611514806747,
    0.07265251874923706,
    0.06802552938461304,
    0.07007160037755966,
    0.07465604692697525
  ],
  "val_mae": [
    9.833192825317383,
    15.645605087280273,
    21.111316680908203,
    28.639835357666016,
    32.85285949707031,
    35.48860168457031,
    37.8006477355957,
    39.052154541015625,
    39.92900848388672,
    39.83526611328125,
    40.885841369628906,
    41.14323425292969
  ]
}