{
  "train_loss": [
    0.044706255197525024,
    0.06549827754497528,
    0.03050466999411583,
    0.06076161563396454,
    0.038976218551397324,
    0.06367574632167816,
    0.04487026110291481,
    0.09849067032337189,
    0.08635947108268738,
    0.06164620816707611,
    0.07143589854240417,
    0.0823870301246643,
    0.09009295701980591,
    0.052464209496974945,
    0.06640654802322388,
    0.06508522480726242,
    0.05554378032684326,
    0.050461385399103165,
    0.06427635997533798,
    0.04815080761909485,
    0.058709923177957535,
    0.05731603503227234,
    0.056215375661849976,
    0.039479658007621765,
    0.06137630343437195,
    0.06381246447563171,
    0.0662006363272667
  ],
  "val_mae": [
    222.71017456054688,
    149.12449645996094,
    201.32827758789062,
    175.345458984375,
    174.38284301757812,
    197.2736358642578,
    175.3066864013672,
    153.44915771484375,
    136.4395751953125,
    122.83248901367188,
    111.71561431884766,
    102.43993377685547,
    97.0591049194336,
    92.2748031616211,
    89.54310607910156,
    89.4495620727539,
    87.6790771484375,
    97.95894622802734,
    94.42237091064453,
    100.2674789428711,
    101.78239440917969,
    106.07263946533203,
    104.4768295288086,
    104.83238220214844,
    103.24076080322266,
    105.97115325927734,
    104.16036987304688
  ]
}