{
  "train_loss": [
    0.09172217547893524,
    0.0779033675789833,
    0.06130899861454964,
    0.05964608117938042,
    0.07244803011417389,
    0.09348456561565399,
    0.08895538002252579,
    0.04550718516111374,
    0.0968017727136612,
    0.07187313586473465,
    0.10084813833236694,
    0.06526053696870804
  ],
  "val_mae": [
    12.933032989501953,
    15.819072723388672,
    17.64793586730957,
    17.22052764892578,
    24.02432632446289,
    33.0726203918457,
    33.31529235839844,
    37.11853790283203,
    42.48346710205078,
    47.69795227050781,
    50.84495162963867,
    55.0755500793457
  ]
}