{
  "train_loss": [
    0.0676082968711853,
    0.053850580006837845,
    0.04890194162726402,
    0.0423721969127655,
    0.06761008501052856,
    0.06518024206161499,
    0.057863157242536545,
    0.08547646552324295,
    0.06024594232439995,
    0.06354110687971115,
    0.05918258801102638,
    0.06647376716136932
  ],
  "val_mae": [
    61.626190185546875,
    82.16974639892578,
    158.57958984375,
    174.007568359375,
    147.51351928710938,
    137.3683624267578,
    136.4730224609375,
    136.40687561035156,
    136.63092041015625,
    131.9375762939453,
    139.14898681640625,
    132.35508728027344
  ]
}