{
  "train_loss": [
    0.07543643563985825,
    0.07796548306941986,
    0.07547161728143692,
    0.08060204237699509,
    0.07725800573825836,
    0.07897371798753738,
    0.07394508272409439,
    0.07179729640483856,
    0.07458367943763733,
    0.06989475339651108,
    0.07376248389482498,
    0.075960673391819
  ],
  "val_mae": [
    1.52462637424469,
    2.1963987350463867,
    3.0966269969940186,
    4.6832661628723145,
    5.988285541534424,
    7.3367719650268555,
    8.898831367492676,
    10.680932998657227,
    12.850275993347168,
    13.799638748168945,
    15.179405212402344,
    16.885995864868164
  ]
}