{
  "train_loss": [
    0.08297282457351685
  ],
  "val_mae": [
    4.696727752685547
  ]
}