{
  "train_loss": [
    0.08832123875617981,
    0.07547003030776978,
    0.06521941721439362,
    0.07500144094228745,
    0.06368919461965561,
    0.06756968051195145,
    0.07383240759372711,
    0.06756611168384552,
    0.07496926188468933,
    0.06259792298078537,
    0.06545966863632202,
    0.06408236920833588
  ],
  "val_mae": [
    16.669248580932617,
    18.027816772460938,
    18.62451934814453,
    20.451791763305664,
    30.045419692993164,
    36.954532623291016,
    37.6677131652832,
    36.08494186401367,
    39.62096405029297,
    39.005889892578125,
    38.56851577758789,
    38.913272857666016
  ]
}