{
  "train_loss": [
    0.07978265732526779,
    0.07690487802028656,
    0.075713150203228,
    0.07616021484136581,
    0.07360610365867615,
    0.07460057735443115,
    0.07410963624715805,
    0.07416592538356781,
    0.0743696540594101,
    0.07249104976654053,
    0.0727589800953865,
    0.07393917441368103
  ],
  "val_mae": [
    0.5642460584640503,
    0.7023822069168091,
    0.8856807351112366,
    1.057543158531189,
    1.22765052318573,
    1.378118634223938,
    1.499029278755188,
    1.621931552886963,
    1.7202959060668945,
    1.8125509023666382,
    1.8988769054412842,
    1.9580925703048706
  ]
}