{
  "train_loss": [
    0.08018944412469864,
    0.0818655714392662,
    0.08483171463012695,
    0.08004484325647354,
    0.0829976424574852,
    0.06919495761394501,
    0.08923213183879852,
    0.07882172614336014,
    0.0769912451505661,
    0.0849408358335495,
    0.08804960548877716,
    0.08834565430879593
  ],
  "val_mae": [
    2.587327718734741,
    3.821108102798462,
    5.334235668182373,
    6.433902740478516,
    7.534210681915283,
    8.646112442016602,
    9.646038055419922,
    10.869014739990234,
    11.70827579498291,
    12.961329460144043,
    14.328072547912598,
    16.567731857299805
  ]
}