{
  "train_loss": [
    0.07414769381284714,
    0.07192187756299973,
    0.07070071995258331,
    0.07090657949447632,
    0.07053127884864807,
    0.07125794142484665,
    0.07120468467473984,
    0.0704822987318039,
    0.06989270448684692,
    0.07102843374013901,
    0.07062143087387085,
    0.0703136995434761
  ],
  "val_mae": [
    1.9627773761749268,
    2.8923683166503906,
    3.0880684852600098,
    3.4689435958862305,
    4.0774455070495605,
    4.2956767082214355,
    4.453385353088379,
    4.492577075958252,
    4.650379180908203,
    4.768540859222412,
    4.711191177368164,
    4.678674697875977
  ]
}