{
  "train_loss": [
    0.07875747978687286,
    0.07238655537366867,
    0.07338307797908783,
    0.07263118773698807,
    0.07102883607149124,
    0.07067076861858368,
    0.07141192257404327,
    0.07066869735717773,
    0.07065926492214203,
    0.07052445411682129,
    0.07191992551088333,
    0.07138998061418533
  ],
  "val_mae": [
    1.0118516683578491,
    1.392744779586792,
    1.911893367767334,
    2.394195318222046,
    2.703077554702759,
    3.0096442699432373,
    3.162806749343872,
    3.3403754234313965,
    3.409297227859497,
    3.523944139480591,
    3.6502583026885986,
    3.7628495693206787
  ]
}