{
  "train_loss": [
    0.0813642293214798,
    0.08164647966623306,
    0.07762881368398666,
    0.08158838748931885,
    0.07621050626039505,
    0.07623684406280518,
    0.07913221418857574,
    0.0779462456703186,
    0.07178514450788498,
    0.07592111825942993,
    0.07280684262514114,
    0.07501796633005142
  ],
  "val_mae": [
    0.9616163969039917,
    1.1835376024246216,
    1.4824641942977905,
    2.015726327896118,
    2.527388095855713,
    2.9347901344299316,
    3.412709951400757,
    3.7496485710144043,
    4.298094272613525,
    4.720951557159424,
    5.12573766708374,
    5.646733283996582
  ]
}