{
  "train_loss": [
    0.07993163168430328,
    0.07682430744171143,
    0.0686616525053978,
    0.07254492491483688,
    0.07514242082834244,
    0.0704365149140358,
    0.07437329739332199,
    0.06954143941402435,
    0.07022994011640549,
    0.07010799646377563,
    0.06685463339090347,
    0.06826414167881012
  ],
  "val_mae": [
    9.281085968017578,
    17.829423904418945,
    20.70825958251953,
    23.5560359954834,
    25.369951248168945,
    26.364715576171875,
    28.207218170166016,
    32.276206970214844,
    40.016845703125,
    46.99761199951172,
    59.42624282836914,
    56.45682144165039
  ]
}