{
  "train_loss": [
    0.07392013818025589,
    0.09439294040203094,
    0.07014434039592743,
    0.09213976562023163,
    0.06848867237567902,
    0.10413351655006409,
    0.07215980440378189,
    0.0744975209236145,
    0.08640589565038681,
    0.07863355427980423,
    0.062655970454216,
    0.07029938697814941
  ],
  "val_mae": [
    13.835697174072266,
    16.048988342285156,
    17.674036026000977,
    19.143964767456055,
    20.062137603759766,
    20.97356605529785,
    21.99479103088379,
    22.996326446533203,
    24.04305648803711,
    26.359811782836914,
    28.57339859008789,
    31.72813606262207
  ]
}