{
  "train_loss": [
    0.07333322614431381,
    0.07116202265024185,
    0.0712084174156189,
    0.07128293067216873,
    0.07087311893701553,
    0.071040578186512,
    0.07117564231157303,
    0.07141491025686264,
    0.06983712315559387,
    0.07127121835947037,
    0.06990445405244827,
    0.07124745845794678,
    0.06964680552482605
  ],
  "val_mae": [
    2.187549114227295,
    4.338879108428955,
    3.767425537109375,
    4.210515975952148,
    4.427833080291748,
    4.4516448974609375,
    4.511814117431641,
    4.965249538421631,
    5.07009744644165,
    5.030625343322754,
    5.033008098602295,
    5.27426815032959,
    5.555290699005127
  ]
}