{
  "train_loss": [
    0.09369808435440063,
    0.0686097964644432,
    0.07949197292327881,
    0.06919683516025543,
    0.0690997987985611,
    0.06792958825826645,
    0.08911285549402237,
    0.07756738364696503,
    0.06424862146377563,
    0.07789579778909683,
    0.07441316545009613,
    0.06823806464672089
  ],
  "val_mae": [
    9.377531051635742,
    14.446748733520508,
    26.904603958129883,
    36.75798416137695,
    41.81031036376953,
    47.03135681152344,
    52.19818878173828,
    54.3618278503418,
    58.369956970214844,
    58.97322463989258,
    59.827415466308594,
    68.76425170898438
  ]
}