{
  "train_loss": [
    0.07532141357660294,
    0.06884754449129105,
    0.07164040952920914,
    0.07566240429878235,
    0.07121377438306808,
    0.06845012307167053,
    0.08178561180830002,
    0.06616032868623734,
    0.06905248016119003,
    0.0697440430521965,
    0.07101254910230637,
    0.07241605967283249
  ],
  "val_mae": [
    3.840409755706787,
    5.21688175201416,
    8.691730499267578,
    11.412576675415039,
    13.834619522094727,
    13.568428993225098,
    13.69433879852295,
    16.529460906982422,
    16.163198471069336,
    16.738401412963867,
    17.30370330810547,
    17.192829132080078
  ]
}