{
  "train_loss": [
    0.07378726452589035,
    0.05537628382444382,
    0.06220519542694092,
    0.062168315052986145,
    0.059052903205156326,
    0.06316695362329483,
    0.056900933384895325,
    0.05015415698289871,
    0.06799504160881042,
    0.06128128245472908,
    0.054293084889650345,
    0.07371223717927933
  ],
  "val_mae": [
    54.624629974365234,
    43.91370391845703,
    80.23076629638672,
    107.96917724609375,
    126.51567840576172,
    121.6806411743164,
    113.7895278930664,
    125.01768493652344,
    116.35609436035156,
    110.84778594970703,
    113.6092300415039,
    119.50511932373047
  ]
}