{
  "train_loss": [
    0.07793226838111877,
    0.07603335380554199,
    0.07291768491268158,
    0.06958918273448944,
    0.06680554151535034,
    0.06762392818927765,
    0.06779745221138,
    0.06775552779436111,
    0.06926637142896652,
    0.0725470706820488,
    0.07275721430778503,
    0.06982281059026718
  ],
  "val_mae": [
    8.904280662536621,
    10.830282211303711,
    15.752664566040039,
    18.862754821777344,
    21.79189682006836,
    22.654361724853516,
    24.10526466369629,
    24.533828735351562,
    24.5599365234375,
    26.940031051635742,
    26.259666442871094,
    25.675668716430664
  ]
}