{
  "train_loss": [
    0.0761815756559372,
    0.07736615091562271,
    0.07569043338298798,
    0.07466021180152893,
    0.07189425826072693,
    0.07110578566789627,
    0.07196050882339478,
    0.0742625966668129,
    0.07055938988924026,
    0.07202482223510742,
    0.07016140967607498,
    0.07041431218385696
  ],
  "val_mae": [
    1.6387680768966675,
    2.9461331367492676,
    4.136682510375977,
    5.198526382446289,
    6.043071269989014,
    6.472768783569336,
    6.978166580200195,
    7.601583003997803,
    7.963288307189941,
    8.16199016571045,
    8.584928512573242,
    8.701380729675293
  ]
}