{
  "train_loss": [
    0.0786878913640976,
    0.08138318359851837,
    0.07506037503480911,
    0.07193160057067871,
    0.06616754084825516,
    0.06945047527551651,
    0.06924913823604584,
    0.07413981109857559,
    0.0691949650645256,
    0.07176109403371811,
    0.07159612327814102,
    0.06870467960834503
  ],
  "val_mae": [
    5.314076900482178,
    9.378260612487793,
    17.33077049255371,
    21.57025909423828,
    22.63923454284668,
    23.903886795043945,
    27.112531661987305,
    27.795454025268555,
    29.570449829101562,
    30.221250534057617,
    31.777782440185547,
    32.35343551635742
  ]
}