{
  "train_loss": [
    0.07364680618047714,
    0.08771514892578125,
    0.08027130365371704,
    0.08618376404047012,
    0.08037283271551132,
    0.07830546796321869,
    0.07290182262659073,
    0.07508761435747147,
    0.07367035001516342,
    0.08541892468929291,
    0.07637889683246613,
    0.06941439211368561
  ],
  "val_mae": [
    10.680004119873047,
    10.619132041931152,
    12.470913887023926,
    15.241280555725098,
    18.154354095458984,
    21.354557037353516,
    24.75520133972168,
    28.48729705810547,
    31.493070602416992,
    35.440956115722656,
    38.13664627075195,
    40.10753631591797
  ]
}