{
  "train_loss": [
    0.08324948698282242,
    0.0759480744600296,
    0.07418560236692429,
    0.07536608725786209,
    0.07292626798152924,
    0.06863979250192642,
    0.07193807512521744,
    0.07537499815225601,
    0.07533492147922516,
    0.07265113294124603,
    0.07602068036794662,
    0.07283490151166916
  ],
  "val_mae": [
    3.5036091804504395,
    5.896180629730225,
    9.783073425292969,
    14.773760795593262,
    19.044862747192383,
    21.49376106262207,
    23.517370223999023,
    26.757375717163086,
    29.06769371032715,
    32.23799133300781,
    34.19184112548828,
    34.9448127746582
  ]
}