{
  "train_loss": [
    0.06507395207881927,
    0.06597049534320831,
    0.05634893476963043,
    0.07099238783121109,
    0.060233231633901596,
    0.04303787648677826,
    0.06115363538265228,
    0.04902290925383568,
    0.04601705074310303,
    0.04157545417547226,
    0.06680531799793243,
    0.04340995475649834
  ],
  "val_mae": [
    40.88349151611328,
    93.00155639648438,
    111.28273010253906,
    127.71156311035156,
    124.70243072509766,
    139.20948791503906,
    134.3610382080078,
    155.51988220214844,
    163.7623291015625,
    171.3001708984375,
    176.81597900390625,
    173.9055633544922
  ]
}