{
  "train_loss": [
    0.07483698427677155,
    0.0726904571056366,
    0.07238102704286575,
    0.07145640254020691,
    0.07079215347766876,
    0.0712052434682846,
    0.07091446220874786,
    0.07073049992322922,
    0.0712396427989006,
    0.07108969241380692,
    0.07096004486083984,
    0.07100189477205276
  ],
  "val_mae": [
    4.544273853302002,
    5.567068576812744,
    5.713521480560303,
    6.142918109893799,
    6.489781856536865,
    6.842531681060791,
    7.438776969909668,
    8.178528785705566,
    8.862214088439941,
    9.024311065673828,
    9.199987411499023,
    9.251943588256836
  ]
}