{
  "train_loss": [
    0.06318861991167068,
    0.06782996654510498,
    0.0589558482170105,
    0.06694385409355164,
    0.07392165809869766,
    0.07003743201494217,
    0.06458011269569397,
    0.06930382549762726,
    0.06827901303768158,
    0.06489839404821396,
    0.07240206748247147,
    0.07212456315755844,
    0.06574585288763046,
    0.07286108285188675
  ],
  "val_mae": [
    116.70243072509766,
    68.60834503173828,
    65.00312805175781,
    57.115333557128906,
    59.07466506958008,
    59.68254089355469,
    61.241455078125,
    58.58758544921875,
    60.966896057128906,
    65.11173248291016,
    69.76322937011719,
    66.99410247802734,
    65.06639862060547,
    62.99710464477539
  ]
}