{
  "train_loss": [
    0.0725979283452034,
    0.06000933796167374,
    0.08147293329238892,
    0.0738791674375534,
    0.06831701844930649,
    0.06683222949504852,
    0.06755761057138443,
    0.0735154002904892,
    0.06758913397789001,
    0.058306142687797546,
    0.05661977082490921,
    0.06353262066841125,
    0.0628083273768425,
    0.06333134323358536,
    0.057961080223321915,
    0.05875149741768837,
    0.04978197440505028
  ],
  "val_mae": [
    204.5784912109375,
    164.5834197998047,
    118.08091735839844,
    98.6219711303711,
    86.4345932006836,
    82.44680786132812,
    81.76898193359375,
    82.0665283203125,
    87.5723648071289,
    89.76576232910156,
    92.19783782958984,
    90.95540618896484,
    88.9438705444336,
    90.92189025878906,
    96.62051391601562,
    111.79583740234375,
    112.72779846191406
  ]
}