{
  "train_loss": [
    0.08230439573526382,
    0.07991781085729599,
    0.08116649836301804,
    0.0814015343785286,
    0.07927247136831284,
    0.08001042157411575,
    0.07863155007362366,
    0.07848450541496277,
    0.07657867670059204,
    0.07548773288726807,
    0.07766387611627579,
    0.07620707154273987
  ],
  "val_mae": [
    2.3753550052642822,
    3.082022190093994,
    3.7568349838256836,
    4.468484878540039,
    5.170519828796387,
    6.176660537719727,
    7.2497735023498535,
    8.333349227905273,
    9.474016189575195,
    10.783924102783203,
    12.379684448242188,
    13.767484664916992
  ]
}