{
  "train_loss": [
    0.07736636698246002,
    0.07666198164224625,
    0.07714685052633286,
    0.08218499273061752,
    0.08067253232002258,
    0.07737226784229279,
    0.07186252623796463,
    0.07760481536388397,
    0.06083740293979645,
    0.06745689362287521,
    0.07153014838695526,
    0.0666811540722847
  ],
  "val_mae": [
    3.832887649536133,
    5.250946998596191,
    6.337246417999268,
    9.108630180358887,
    10.402486801147461,
    14.73057746887207,
    17.533851623535156,
    19.837125778198242,
    19.52027702331543,
    21.424442291259766,
    25.281023025512695,
    26.743419647216797
  ]
}