{
  "train_loss": [
    0.08153337985277176,
    0.0847073644399643,
    0.08416127413511276,
    0.08231042325496674,
    0.08031090348958969,
    0.08061224222183228,
    0.08027787506580353,
    0.08163952082395554,
    0.08092658966779709,
    0.08214621245861053,
    0.0821034386754036,
    0.08060651272535324
  ],
  "val_mae": [
    0.29795968532562256,
    0.3159636855125427,
    0.3349868357181549,
    0.35233718156814575,
    0.369718462228775,
    0.39016082882881165,
    0.41249608993530273,
    0.4374980330467224,
    0.4636927843093872,
    0.49053341150283813,
    0.5184171795845032,
    0.5476096868515015
  ]
}