{
  "train_loss": [
    0.07746727764606476,
    0.08069789409637451,
    0.07527261227369308,
    0.07494866847991943,
    0.07419683039188385,
    0.07584032416343689,
    0.07215317338705063,
    0.07252613455057144,
    0.07442627102136612,
    0.07105641812086105,
    0.07163666188716888,
    0.0717582181096077
  ],
  "val_mae": [
    1.613348364830017,
    2.4620463848114014,
    3.3637595176696777,
    4.40010929107666,
    5.479516983032227,
    6.696718215942383,
    7.8413591384887695,
    8.870635032653809,
    9.361983299255371,
    10.280957221984863,
    11.028645515441895,
    11.508772850036621
  ]
}