{
  "train_loss": [
    0.07191450893878937,
    0.07295431941747665,
    0.0799916461110115,
    0.06284832209348679,
    0.0719793438911438,
    0.06650876998901367,
    0.06754720211029053,
    0.07502563297748566,
    0.04605410620570183,
    0.027915870770812035,
    0.0733841210603714,
    0.06136379763484001,
    0.06163089722394943,
    0.0800621286034584,
    0.044021230190992355,
    0.08050882816314697,
    0.05245339870452881
  ],
  "val_mae": [
    72.56141662597656,
    121.70087432861328,
    92.2159423828125,
    91.88445281982422,
    92.57052612304688,
    80.43622589111328,
    75.66156768798828,
    81.42286682128906,
    111.44039154052734,
    119.87528991699219,
    121.69557189941406,
    128.7735595703125,
    123.76859283447266,
    123.8335189819336,
    132.61036682128906,
    133.48826599121094,
    136.18711853027344
  ]
}