{
  "train_loss": [
    0.0719870924949646,
    0.08651330322027206,
    0.07451717555522919,
    0.0813632532954216,
    0.08421766757965088,
    0.08171957731246948,
    0.09545570611953735,
    0.08709514141082764,
    0.0935375913977623,
    0.07164894789457321,
    0.08695927262306213,
    0.08173269033432007
  ],
  "val_mae": [
    2.110686779022217,
    2.0927016735076904,
    2.1311519145965576,
    2.1565651893615723,
    2.214867115020752,
    2.275116205215454,
    2.3470458984375,
    2.425424098968506,
    2.502054214477539,
    2.559692621231079,
    2.6307475566864014,
    2.6998484134674072
  ]
}