{
  "train_loss": [
    0.08156595379114151,
    0.07797939330339432,
    0.0755782350897789,
    0.07423601299524307,
    0.07330729067325592,
    0.07290230691432953,
    0.07246240973472595,
    0.07202883809804916,
    0.07180465012788773,
    0.07258352637290955,
    0.07257649302482605,
    0.07198544591665268
  ],
  "val_mae": [
    0.43086865544319153,
    0.5905392169952393,
    0.7947379350662231,
    0.9817277789115906,
    1.1444238424301147,
    1.3161289691925049,
    1.4654556512832642,
    1.5809303522109985,
    1.6818327903747559,
    1.7751020193099976,
    1.86464524269104,
    1.9550811052322388
  ]
}