{
  "train_loss": [
    0.09314573556184769,
    0.10822808742523193,
    0.08908170461654663,
    0.08545268326997757,
    0.09129195660352707,
    0.07491518557071686,
    0.07060997933149338,
    0.05872468650341034,
    0.09791507571935654,
    0.11413975805044174,
    0.05891413986682892,
    0.06955789029598236
  ],
  "val_mae": [
    1.0933016538619995,
    1.8982388973236084,
    2.510542154312134,
    3.2513835430145264,
    4.363783359527588,
    5.9057159423828125,
    7.389042377471924,
    8.594311714172363,
    9.891144752502441,
    11.155173301696777,
    12.749824523925781,
    13.93795394897461
  ]
}