{
  "train_loss": [
    0.08124054968357086,
    0.07546530663967133,
    0.07924298942089081,
    0.07844386994838715,
    0.07289380580186844,
    0.07419217377901077,
    0.07877647131681442,
    0.07417945563793182,
    0.08011537790298462,
    0.07773420959711075,
    0.0731004849076271,
    0.07231784611940384
  ],
  "val_mae": [
    0.862176775932312,
    1.0046913623809814,
    1.2103362083435059,
    1.483723759651184,
    1.7682700157165527,
    2.0563900470733643,
    2.3925821781158447,
    2.8227317333221436,
    3.2191460132598877,
    3.588968515396118,
    3.9606025218963623,
    4.426799774169922
  ]
}