{
  "train_loss": [
    0.07638401538133621,
    0.07795201241970062,
    0.07140614837408066,
    0.07385089248418808,
    0.06753552705049515,
    0.07205755263566971,
    0.05853785574436188,
    0.060960520058870316,
    0.06011470779776573,
    0.07358592748641968,
    0.0664006918668747,
    0.07177069038152695
  ],
  "val_mae": [
    16.232656478881836,
    33.48733139038086,
    40.825355529785156,
    37.331581115722656,
    35.883975982666016,
    39.130008697509766,
    49.60262680053711,
    57.852081298828125,
    73.52584838867188,
    81.6393051147461,
    84.47769165039062,
    85.89886474609375
  ]
}