{
  "train_loss": [
    0.06438712775707245,
    0.0400712713599205,
    0.05020976439118385,
    0.04771145060658455,
    0.03870536759495735,
    0.06766147166490555,
    0.06139345094561577,
    0.04633664712309837,
    0.07687098532915115,
    0.053358592092990875,
    0.06832839548587799,
    0.05503344535827637,
    0.060571685433387756,
    0.0619201734662056,
    0.06050260365009308,
    0.061284855008125305,
    0.0458635613322258,
    0.04575568065047264,
    0.05915219336748123,
    0.06550424546003342,
    0.06112157553434372,
    0.06410789489746094,
    0.04722658172249794,
    0.057567231357097626,
    0.05992792919278145,
    0.07692121714353561,
    0.07575184106826782,
    0.050707995891571045,
    0.0466858372092247,
    0.06927051395177841,
    0.06327617913484573,
    0.051475849002599716,
    0.06817945837974548,
    0.05449405685067177,
    0.06585568934679031,
    0.06389584392309189,
    0.06946249306201935,
    0.050291962921619415,
    0.06004761904478073,
    0.06610148400068283,
    0.04860324412584305,
    0.08687157183885574,
    0.0251021571457386,
    0.06962589174509048,
    0.07111139595508575,
    0.05698208510875702,
    0.0688852071762085,
    0.07228410989046097,
    0.05977987125515938,
    0.05370796099305153,
    0.06733378767967224,
    0.05756823346018791,
    0.06742283701896667,
    0.06411553174257278,
    0.06368889659643173,
    0.04924732446670532,
    0.06607593595981598,
    0.04491358622908592,
    0.05180263891816139,
    0.04888850077986717,
    0.062309760600328445,
    0.0639304518699646,
    0.05639432743191719,
    0.061695028096437454,
    0.03738940507173538,
    0.04935755580663681,
    0.055624958127737045,
    0.05171656236052513
  ],
  "val_mae": [
    266.6134033203125,
    217.19883728027344,
    223.0908966064453,
    275.4326171875,
    341.5311279296875,
    304.8765869140625,
    270.8905029296875,
    267.25286865234375,
    250.79153442382812,
    234.0653839111328,
    222.89013671875,
    215.17359924316406,
    202.75161743164062,
    203.0297088623047,
    202.17721557617188,
    198.27679443359375,
    194.38473510742188,
    188.84913635253906,
    186.4654998779297,
    182.98130798339844,
    181.44198608398438,
    179.70126342773438,
    177.96566772460938,
    175.6021270751953,
    171.65953063964844,
    171.346923828125,
    168.51991271972656,
    167.5988006591797,
    173.03662109375,
    170.4936065673828,
    166.63021850585938,
    166.44883728027344,
    169.92938232421875,
    167.15225219726562,
    166.88778686523438,
    165.09268188476562,
    163.26470947265625,
    161.56692504882812,
    159.68533325195312,
    165.2844696044922,
    164.70616149902344,
    162.09912109375,
    163.89918518066406,
    161.07948303222656,
    160.2989501953125,
    161.31021118164062,
    158.6452178955078,
    156.5077362060547,
    155.65953063964844,
    153.99404907226562,
    154.08450317382812,
    154.07427978515625,
    151.7014923095703,
    149.68186950683594,
    148.0247039794922,
    148.2216796875,
    147.7597198486328,
    146.71142578125,
    146.97447204589844,
    149.6468505859375,
    148.28602600097656,
    147.69512939453125,
    150.343505859375,
    150.0941619873047,
    155.00360107421875,
    159.4370574951172,
    159.4014892578125,
    160.3568878173828
  ]
}