{
  "train_loss": [
    0.06829100102186203,
    0.06784992665052414,
    0.07106169313192368,
    0.06604928523302078,
    0.06920892000198364,
    0.06458146125078201,
    0.0687173455953598,
    0.06404020637273788,
    0.06294295936822891,
    0.0667254701256752,
    0.06420039385557175,
    0.060160115361213684
  ],
  "val_mae": [
    23.31621742248535,
    33.03384017944336,
    35.112083435058594,
    42.771705627441406,
    43.975502014160156,
    41.65305709838867,
    44.99073028564453,
    44.87212371826172,
    50.675132751464844,
    50.007511138916016,
    49.31575393676758,
    47.60988235473633
  ]
}