{
  "train_loss": [
    0.08183306455612183,
    0.07763449102640152,
    0.07310397177934647,
    0.07238781452178955,
    0.07242234796285629,
    0.07131384313106537,
    0.07269073277711868,
    0.07237504422664642,
    0.07184005528688431,
    0.07259304076433182,
    0.07208499312400818,
    0.07210076600313187
  ],
  "val_mae": [
    2.3972651958465576,
    4.943824291229248,
    5.837950706481934,
    6.153976917266846,
    6.303799629211426,
    6.293518543243408,
    6.352555751800537,
    6.479779243469238,
    6.657668113708496,
    6.900272846221924,
    7.168558597564697,
    7.4643683433532715
  ]
}