{
  "train_loss": [
    0.08266109228134155,
    0.07955014705657959,
    0.07757574319839478,
    0.07676448673009872,
    0.07629873603582382,
    0.07567021995782852,
    0.07433705776929855,
    0.07452550530433655,
    0.07296720892190933,
    0.07283561676740646,
    0.07172909379005432,
    0.07131534069776535
  ],
  "val_mae": [
    0.3868703544139862,
    0.4746922552585602,
    0.5720182657241821,
    0.6908600926399231,
    0.8023326396942139,
    0.9019275903701782,
    0.9999527335166931,
    1.102081060409546,
    1.1867995262145996,
    1.2680336236953735,
    1.3335703611373901,
    1.390629768371582
  ]
}