{
  "train_loss": [
    0.06186778098344803,
    0.058516621589660645,
    0.05081191286444664,
    0.07017773389816284,
    0.040076736360788345,
    0.029890339821577072,
    0.03937855735421181,
    0.05405129864811897,
    0.05491495504975319,
    0.06537271291017532,
    0.05860693380236626,
    0.03436189144849777
  ],
  "val_mae": [
    83.14183807373047,
    88.126708984375,
    105.86261749267578,
    102.35655212402344,
    130.04148864746094,
    145.11605834960938,
    146.91152954101562,
    138.47120666503906,
    138.59884643554688,
    129.22373962402344,
    130.50135803222656,
    132.57896423339844
  ]
}