{
  "train_loss": [
    0.04940212517976761,
    0.08616254478693008,
    0.05640862137079239,
    0.06082848086953163,
    0.07784651964902878,
    0.04186789691448212,
    0.08763181418180466,
    0.06965700536966324,
    0.09972226619720459,
    0.06478042900562286,
    0.05879447981715202,
    0.06103699281811714
  ],
  "val_mae": [
    7.206799030303955,
    12.094122886657715,
    28.094430923461914,
    47.93600082397461,
    61.4187126159668,
    90.09889221191406,
    95.31476593017578,
    99.068115234375,
    98.91921997070312,
    96.1124038696289,
    94.97756958007812,
    96.13458251953125
  ]
}