{
  "train_loss": [
    0.07535193860530853,
    0.06729555130004883,
    0.0718180388212204,
    0.06901552528142929,
    0.06511274725198746,
    0.06784307956695557,
    0.06787349283695221,
    0.0632525309920311,
    0.0764210969209671,
    0.07125359773635864,
    0.06390395760536194,
    0.062247104942798615
  ],
  "val_mae": [
    25.817054748535156,
    42.610740661621094,
    44.916481018066406,
    63.924598693847656,
    74.32450103759766,
    88.12782287597656,
    89.90022277832031,
    95.08685302734375,
    94.6992416381836,
    98.75415802001953,
    94.58735656738281,
    93.5102767944336
  ]
}