{
  "train_loss": [
    0.0808352530002594,
    0.07838845998048782,
    0.06939634680747986,
    0.07614294439554214,
    0.07397521287202835,
    0.07407841086387634,
    0.07500912249088287,
    0.07464113086462021,
    0.0696861669421196,
    0.07116926461458206,
    0.07455358654260635,
    0.07038884609937668
  ],
  "val_mae": [
    2.833813190460205,
    4.200595855712891,
    5.051578521728516,
    6.3906354904174805,
    7.412337303161621,
    8.568058967590332,
    9.07357406616211,
    10.582258224487305,
    11.79695987701416,
    12.46239185333252,
    12.76815414428711,
    13.768691062927246
  ]
}