{
  "train_loss": [
    0.08074904978275299,
    0.07324192672967911,
    0.07163971662521362,
    0.06964720040559769,
    0.06848274916410446,
    0.07238820195198059,
    0.0689554288983345,
    0.06987717002630234,
    0.06971044093370438,
    0.07128921896219254,
    0.06974801421165466,
    0.0706120952963829
  ],
  "val_mae": [
    7.488702297210693,
    13.184942245483398,
    14.745993614196777,
    15.274801254272461,
    15.442716598510742,
    15.45018482208252,
    16.37554931640625,
    17.536191940307617,
    19.24881362915039,
    19.756641387939453,
    19.724193572998047,
    19.820772171020508
  ]
}