{"train_loss": 0.012505079619586468, "_timestamp": 1655716857, "_runtime": 78, "_step": 356, "mean_loss": 0.012511597946286201, "val_mae": 0.4053599536418915, "_wandb": {"runtime": 76}}