{
  "train_loss": [
    0.07154040038585663,
    0.06804195791482925,
    0.07294388115406036,
    0.07077158987522125,
    0.06775990128517151,
    0.06575700640678406,
    0.06746228784322739,
    0.07041998207569122,
    0.06944109499454498,
    0.06992167234420776,
    0.07087016850709915,
    0.07008422166109085,
    0.06801497936248779,
    0.06984320282936096,
    0.06900382786989212,
    0.0719928964972496,
    0.07010471075773239,
    0.07556158304214478,
    0.06900245696306229,
    0.06886238604784012
  ],
  "val_mae": [
    82.90921020507812,
    48.2117919921875,
    50.11845016479492,
    43.30403137207031,
    38.03685760498047,
    35.13481521606445,
    34.05529022216797,
    31.710268020629883,
    29.36107063293457,
    28.33335304260254,
    28.7895450592041,
    30.65580177307129,
    33.63975143432617,
    35.67357635498047,
    36.098201751708984,
    34.97735595703125,
    36.260223388671875,
    38.93657302856445,
    38.730926513671875,
    41.55371856689453
  ]
}