{
  "train_loss": [
    0.0742454007267952,
    0.07325298339128494,
    0.07272741943597794,
    0.07054170221090317,
    0.0713563784956932,
    0.07140127569437027,
    0.0711548775434494,
    0.07121368497610092,
    0.07061106711626053,
    0.07142728567123413,
    0.07121377438306808,
    0.07079803943634033
  ],
  "val_mae": [
    1.8274608850479126,
    2.100980758666992,
    2.650642156600952,
    2.9994943141937256,
    3.227642774581909,
    3.4353878498077393,
    3.598346710205078,
    3.7346549034118652,
    3.8250179290771484,
    3.8729822635650635,
    4.02955436706543,
    4.187745571136475
  ]
}