{
  "train_loss": [
    0.06589560955762863,
    0.07452087849378586,
    0.07696585357189178,
    0.07384219020605087,
    0.07701507210731506,
    0.07597119361162186,
    0.07500705122947693,
    0.08188048005104065,
    0.07010520994663239,
    0.06998774409294128,
    0.05465555191040039,
    0.078264519572258
  ],
  "val_mae": [
    8.078604698181152,
    16.82578468322754,
    44.428775787353516,
    92.08705139160156,
    99.96259307861328,
    98.67552947998047,
    103.40179443359375,
    125.76350402832031,
    134.27345275878906,
    141.81748962402344,
    133.41722106933594,
    127.21324157714844
  ]
}