{
  "train_loss": [
    0.07520072162151337,
    0.07110670208930969,
    0.07225361466407776,
    0.0711485967040062,
    0.07076601684093475,
    0.07050622254610062,
    0.07057622075080872,
    0.07121321558952332,
    0.07088581472635269,
    0.07081841677427292,
    0.07132747769355774,
    0.07089432328939438
  ],
  "val_mae": [
    2.179080009460449,
    2.8408870697021484,
    3.3135035037994385,
    3.7002339363098145,
    4.2373833656311035,
    4.20402193069458,
    4.417874336242676,
    4.437117576599121,
    4.468855381011963,
    4.527120113372803,
    4.589517593383789,
    4.784580230712891
  ]
}