{
  "train_loss": [
    0.09660084545612335,
    0.07425884157419205,
    0.06749413907527924,
    0.08677105605602264,
    0.07484367489814758,
    0.06717303395271301,
    0.07676990330219269,
    0.06727299839258194,
    0.06735003739595413,
    0.07826448231935501,
    0.0690801590681076,
    0.08814222365617752,
    0.07642273604869843
  ],
  "val_mae": [
    16.756975173950195,
    14.461579322814941,
    13.680285453796387,
    15.479403495788574,
    17.651805877685547,
    19.509891510009766,
    22.465402603149414,
    24.542741775512695,
    28.562084197998047,
    29.562625885009766,
    33.71270751953125,
    36.832244873046875,
    37.17176055908203
  ]
}