{
  "train_loss": [
    0.07582353800535202,
    0.07136622071266174,
    0.07039918005466461,
    0.07082986831665039,
    0.07238350808620453,
    0.0699361190199852,
    0.06988377124071121,
    0.07205449789762497,
    0.06888642907142639,
    0.0720333531498909,
    0.06944694370031357,
    0.0699041560292244
  ],
  "val_mae": [
    4.044677734375,
    5.353055000305176,
    6.489131450653076,
    7.899145603179932,
    9.21519947052002,
    9.939969062805176,
    10.09704303741455,
    10.81876277923584,
    11.3696928024292,
    12.994653701782227,
    12.71227741241455,
    13.484407424926758
  ]
}