{
  "train_loss": [
    0.08101627230644226,
    0.0742708295583725,
    0.0749054104089737,
    0.07085730135440826,
    0.07199233025312424,
    0.07284773886203766,
    0.07097998261451721,
    0.07115552574396133,
    0.07197971642017365,
    0.07076037675142288,
    0.07043837010860443,
    0.07286729663610458
  ],
  "val_mae": [
    1.0632073879241943,
    1.475118637084961,
    2.1606431007385254,
    2.686103105545044,
    2.9924259185791016,
    3.259298086166382,
    3.6151657104492188,
    3.740537166595459,
    4.103242874145508,
    4.342843055725098,
    4.771832466125488,
    5.132863521575928
  ]
}