{
  "train_loss": [
    0.07509888708591461,
    0.0804910957813263,
    0.0750085636973381,
    0.07709818333387375,
    0.08515478670597076,
    0.0716954842209816,
    0.07925032079219818,
    0.06782421469688416,
    0.07498400658369064,
    0.07163241505622864,
    0.06815241277217865,
    0.06933879107236862
  ],
  "val_mae": [
    4.01739501953125,
    6.003843307495117,
    7.977061748504639,
    11.554410934448242,
    19.68990707397461,
    28.713796615600586,
    34.709205627441406,
    41.856353759765625,
    47.130069732666016,
    52.748626708984375,
    57.833763122558594,
    58.694862365722656
  ]
}