{
  "train_loss": [
    0.0864524096250534,
    0.0806293785572052,
    0.07162712514400482,
    0.07142869383096695,
    0.07130923867225647,
    0.06931881606578827,
    0.07124879956245422,
    0.07221728563308716,
    0.07180813699960709,
    0.0718768909573555,
    0.07070852816104889,
    0.07095935940742493
  ],
  "val_mae": [
    5.624940872192383,
    15.687318801879883,
    20.346446990966797,
    23.614835739135742,
    24.85036849975586,
    24.32679557800293,
    25.58265495300293,
    28.05470085144043,
    28.173715591430664,
    29.09065055847168,
    28.976030349731445,
    30.440805435180664
  ]
}