{
  "train_loss": [
    0.06588202714920044,
    0.05354953929781914,
    0.06497762352228165,
    0.06793637573719025,
    0.0662086084485054,
    0.06422808021306992,
    0.0586102120578289,
    0.06667759269475937,
    0.06516414880752563,
    0.061599522829055786,
    0.06859961152076721,
    0.06631135940551758
  ],
  "val_mae": [
    26.00942611694336,
    34.424869537353516,
    45.72249984741211,
    52.59134292602539,
    51.262542724609375,
    50.45696258544922,
    56.474693298339844,
    55.728981018066406,
    61.194915771484375,
    62.03438186645508,
    63.82284927368164,
    64.41158294677734
  ]
}