{
  "train_loss": [
    0.08266282081604004,
    0.07684966921806335,
    0.07256659865379333,
    0.07268830388784409,
    0.07158707082271576,
    0.07130921632051468,
    0.07000385969877243,
    0.07339157164096832,
    0.07091182470321655,
    0.07118058204650879,
    0.07029145956039429,
    0.07189715653657913
  ],
  "val_mae": [
    1.448567271232605,
    2.5766897201538086,
    3.485966205596924,
    4.728940010070801,
    5.930843830108643,
    7.090712547302246,
    7.268397808074951,
    8.243099212646484,
    8.571080207824707,
    9.114691734313965,
    9.266253471374512,
    9.305501937866211
  ]
}