{
  "train_loss": [
    0.07065124809741974,
    0.07157453149557114,
    0.06978674232959747,
    0.07064404338598251,
    0.06738416105508804,
    0.06662273406982422,
    0.06596628576517105,
    0.06966615468263626,
    0.06963609158992767,
    0.06660258024930954,
    0.07025470584630966,
    0.06962583214044571
  ],
  "val_mae": [
    21.18136978149414,
    22.14373207092285,
    31.36875343322754,
    49.1834602355957,
    53.144168853759766,
    55.78023910522461,
    57.14397430419922,
    58.21861267089844,
    57.470458984375,
    59.961875915527344,
    59.74893569946289,
    56.2025260925293
  ]
}