{
  "train_loss": [
    0.08183153718709946,
    0.07849902659654617,
    0.0797637552022934,
    0.07700518518686295,
    0.07398466020822525,
    0.0745469331741333,
    0.0748022198677063,
    0.07439073175191879,
    0.0745348408818245,
    0.0725998803973198,
    0.07291390746831894,
    0.07306250929832458
  ],
  "val_mae": [
    0.6373291611671448,
    0.7959317564964294,
    0.9631243348121643,
    1.1393109560012817,
    1.3318259716033936,
    1.5319514274597168,
    1.7080403566360474,
    1.8177244663238525,
    1.9729024171829224,
    2.1280102729797363,
    2.259241819381714,
    2.3509976863861084
  ]
}