{
  "train_loss": [
    0.07615159451961517,
    0.07290489226579666,
    0.07184046506881714,
    0.07352640479803085,
    0.07235709577798843,
    0.07053672522306442,
    0.07207215577363968,
    0.07303369045257568,
    0.07213181257247925,
    0.07149077951908112,
    0.07137880474328995,
    0.07100219279527664,
    0.0723179280757904,
    0.07240605354309082
  ],
  "val_mae": [
    33.104896545410156,
    28.098054885864258,
    27.60946273803711,
    26.98433494567871,
    27.270051956176758,
    27.169084548950195,
    28.20575714111328,
    29.7192325592041,
    30.09984588623047,
    31.538497924804688,
    34.66713333129883,
    36.879337310791016,
    37.29911804199219,
    38.36240005493164
  ]
}