{
  "train_loss": [
    0.09095786511898041,
    0.08133573830127716,
    0.08284487575292587,
    0.07320065051317215,
    0.08058899641036987,
    0.0876663327217102,
    0.07931812852621078,
    0.07471917569637299,
    0.08220737427473068,
    0.07752686738967896,
    0.08482560515403748,
    0.07986226677894592,
    0.0877188891172409,
    0.07056453824043274,
    0.07913662493228912
  ],
  "val_mae": [
    17.743101119995117,
    16.59614372253418,
    16.134920120239258,
    15.962601661682129,
    15.928299903869629,
    15.957334518432617,
    16.061466217041016,
    16.180274963378906,
    16.598928451538086,
    17.19599151611328,
    17.723649978637695,
    18.196760177612305,
    19.105785369873047,
    19.711641311645508,
    20.453813552856445
  ]
}