{
  "train_loss": [
    0.09061350673437119,
    0.0824592337012291,
    0.07781785726547241,
    0.06899458914995193,
    0.06952317804098129,
    0.06985078006982803,
    0.06602751463651657,
    0.06421877443790436,
    0.09986629337072372,
    0.07781222462654114,
    0.0874687135219574,
    0.06586163491010666,
    0.07599940896034241,
    0.05742483213543892,
    0.08216729015111923,
    0.08994147926568985,
    0.07934419810771942,
    0.07467206567525864,
    0.09623858332633972,
    0.06321490556001663
  ],
  "val_mae": [
    15.614852905273438,
    15.58767318725586,
    15.948995590209961,
    15.494884490966797,
    15.131831169128418,
    14.62766170501709,
    14.185193061828613,
    13.756386756896973,
    13.479846954345703,
    13.411959648132324,
    13.919021606445312,
    14.74834156036377,
    15.667014122009277,
    16.131746292114258,
    16.627079010009766,
    18.068897247314453,
    19.898515701293945,
    21.228391647338867,
    21.859590530395508,
    22.28472328186035
  ]
}