{
  "train_loss": [
    0.08175676316022873,
    0.07584574073553085,
    0.0764600932598114,
    0.07237029820680618,
    0.07275256514549255,
    0.0752473771572113,
    0.07254083454608917,
    0.07239331305027008,
    0.07212621718645096,
    0.0729108527302742,
    0.07024277746677399,
    0.07059196382761002
  ],
  "val_mae": [
    6.28226900100708,
    13.925919532775879,
    19.24721336364746,
    22.230335235595703,
    26.119718551635742,
    29.590900421142578,
    32.964900970458984,
    35.5000114440918,
    35.61233901977539,
    36.57090759277344,
    36.82590103149414,
    37.21323776245117
  ]
}