{
  "train_loss": [
    0.08201967924833298,
    0.0765049010515213,
    0.07079493254423141,
    0.07219424843788147,
    0.07392165064811707,
    0.0731903612613678,
    0.07230757921934128,
    0.07148214429616928,
    0.07224315404891968,
    0.073231041431427,
    0.07278752326965332,
    0.0712379738688469
  ],
  "val_mae": [
    4.285433769226074,
    8.695964813232422,
    10.66352367401123,
    12.008861541748047,
    12.644207000732422,
    12.963478088378906,
    13.005847930908203,
    13.6099853515625,
    13.875543594360352,
    14.196768760681152,
    14.503774642944336,
    14.883896827697754
  ]
}