{
  "train_loss": [
    0.08788444101810455,
    0.07076585292816162,
    0.07651037722826004,
    0.06536179780960083,
    0.07177046686410904,
    0.07540591806173325,
    0.07210730761289597,
    0.08113573491573334,
    0.0728929415345192,
    0.06805623322725296,
    0.06879279017448425,
    0.06473497301340103
  ],
  "val_mae": [
    9.310050010681152,
    10.884995460510254,
    13.550077438354492,
    16.858810424804688,
    19.15201759338379,
    20.613134384155273,
    20.26527976989746,
    20.889345169067383,
    21.14710807800293,
    21.290348052978516,
    21.229534149169922,
    22.122882843017578
  ]
}