{
  "train_loss": [
    0.08035886287689209,
    0.07753138244152069,
    0.07752832770347595,
    0.07456152141094208,
    0.07381347566843033,
    0.07206631451845169,
    0.07160945236682892,
    0.07197277247905731,
    0.07265499234199524,
    0.07094965130090714,
    0.07125645130872726,
    0.07197657227516174
  ],
  "val_mae": [
    0.4446870982646942,
    0.5452287793159485,
    0.6497190594673157,
    0.756426990032196,
    0.8535377979278564,
    0.9193958044052124,
    0.9890614151954651,
    1.0441350936889648,
    1.100314736366272,
    1.1488702297210693,
    1.1861945390701294,
    1.2354007959365845
  ]
}