{
  "train_loss": [
    0.08358286321163177,
    0.08325023204088211,
    0.08175015449523926,
    0.0822601243853569,
    0.0804293230175972,
    0.08241041749715805,
    0.08098678290843964,
    0.0819963589310646,
    0.08138708770275116,
    0.07859906554222107,
    0.08036483079195023,
    0.07863001525402069
  ],
  "val_mae": [
    0.2776597738265991,
    0.2810019850730896,
    0.2853287160396576,
    0.2916339337825775,
    0.29777446389198303,
    0.3056538999080658,
    0.31392702460289,
    0.32337045669555664,
    0.33297500014305115,
    0.3423245847225189,
    0.35257837176322937,
    0.3630240857601166
  ]
}