{
  "train_loss": [
    0.06459009647369385,
    0.07264748215675354,
    0.08866385370492935,
    0.07083829492330551,
    0.058483343571424484,
    0.07080476731061935,
    0.07960060238838196,
    0.07195757329463959,
    0.059341322630643845,
    0.07400046288967133,
    0.06508366018533707,
    0.0442185141146183
  ],
  "val_mae": [
    15.135102272033691,
    18.157493591308594,
    34.61677551269531,
    50.76528549194336,
    48.096588134765625,
    46.93855285644531,
    47.52503204345703,
    50.43734359741211,
    52.20561599731445,
    63.948890686035156,
    77.66631317138672,
    91.84910583496094
  ]
}