{
  "train_loss": [
    0.07901690155267715,
    0.0739699974656105,
    0.06667474657297134,
    0.06906697899103165,
    0.06102939695119858,
    0.07019709050655365,
    0.07170578092336655,
    0.06728192418813705,
    0.06655717641115189,
    0.07744070142507553,
    0.0627470463514328,
    0.06653733551502228,
    0.06538493931293488
  ],
  "val_mae": [
    45.36500549316406,
    43.02277755737305,
    41.18327713012695,
    49.88862991333008,
    46.540218353271484,
    45.60953140258789,
    44.2962646484375,
    46.97773742675781,
    50.63445281982422,
    52.455543518066406,
    57.59313201904297,
    60.86701583862305,
    65.77348327636719
  ]
}