{
  "train_loss": [
    0.07395382970571518,
    0.07204559445381165,
    0.0705217495560646,
    0.07002724707126617,
    0.06982654333114624,
    0.07111407071352005,
    0.07009436935186386,
    0.06998326629400253,
    0.071024090051651,
    0.07159565389156342,
    0.07055383920669556,
    0.06974650174379349
  ],
  "val_mae": [
    7.668778896331787,
    9.381132125854492,
    9.708846092224121,
    14.014047622680664,
    13.258160591125488,
    14.299605369567871,
    15.065861701965332,
    15.448494911193848,
    15.765228271484375,
    17.205732345581055,
    17.957439422607422,
    17.900985717773438
  ]
}