{
  "train_loss": [
    0.07958678156137466,
    0.07456976175308228,
    0.07538015395402908,
    0.06852438300848007,
    0.0746585950255394,
    0.06708529591560364,
    0.07009365409612656,
    0.07016829401254654,
    0.07140662521123886,
    0.06859701126813889,
    0.06683123111724854,
    0.0700167641043663
  ],
  "val_mae": [
    4.014719009399414,
    10.260233879089355,
    18.966625213623047,
    21.487117767333984,
    23.88565444946289,
    30.625341415405273,
    33.35932159423828,
    35.87480545043945,
    37.630001068115234,
    47.07501220703125,
    49.14828109741211,
    53.18186950683594
  ]
}