{
  "train_loss": [
    0.12484198808670044,
    0.12476801872253418,
    0.07793137431144714,
    0.08382601290941238,
    0.07895415276288986,
    0.07234422862529755,
    0.07102975994348526,
    0.06737158447504044,
    0.0756620466709137,
    0.07412984222173691,
    0.07152664661407471,
    0.07582184672355652,
    0.057323988527059555,
    0.05749092251062393,
    0.06408359855413437,
    0.06715893745422363,
    0.09446623921394348,
    0.07081419974565506,
    0.09053204953670502,
    0.0763997957110405,
    0.07011211663484573,
    0.088238924741745
  ],
  "val_mae": [
    213.17645263671875,
    118.46610260009766,
    85.73621368408203,
    70.23075866699219,
    58.09015655517578,
    53.69001007080078,
    49.36528778076172,
    47.58251190185547,
    45.58156204223633,
    42.35530090332031,
    40.81919860839844,
    40.41604232788086,
    41.35309982299805,
    42.894596099853516,
    46.86313247680664,
    47.49015426635742,
    47.20656204223633,
    46.40421676635742,
    46.36351776123047,
    47.38189697265625,
    47.4998893737793,
    49.80488586425781
  ]
}