{
  "train_loss": [
    0.0820806697010994,
    0.07974313944578171,
    0.08413026481866837,
    0.0815577432513237,
    0.0846685990691185,
    0.08399123698472977,
    0.0795058161020279,
    0.08256982266902924,
    0.07878828793764114,
    0.0791475921869278,
    0.07797416299581528,
    0.08465994894504547
  ],
  "val_mae": [
    0.334840327501297,
    0.3699849843978882,
    0.40882572531700134,
    0.44796299934387207,
    0.4908941090106964,
    0.5362426042556763,
    0.5840175747871399,
    0.633152961730957,
    0.684023916721344,
    0.7350093722343445,
    0.7867872714996338,
    0.8402937650680542
  ]
}