{
  "train_loss": [
    0.07538893818855286,
    0.07313381135463715,
    0.07141200453042984,
    0.07178989797830582,
    0.0710849016904831,
    0.07034200429916382,
    0.0714404284954071,
    0.07066889107227325,
    0.07079470902681351,
    0.07088533788919449,
    0.07075826823711395,
    0.07035127282142639
  ],
  "val_mae": [
    1.2651052474975586,
    1.4481219053268433,
    1.6852171421051025,
    2.09734845161438,
    2.420020818710327,
    2.5423364639282227,
    2.703080892562866,
    2.9020233154296875,
    3.053297758102417,
    3.2226884365081787,
    3.3833959102630615,
    3.5365755558013916
  ]
}