{
  "train_loss": [
    0.0762115865945816,
    0.07243111729621887,
    0.07214556634426117,
    0.07093958556652069,
    0.07097484916448593,
    0.07090841978788376,
    0.07113277912139893,
    0.0695657879114151,
    0.0715286061167717,
    0.07119420170783997,
    0.07115150988101959,
    0.07174511253833771
  ],
  "val_mae": [
    1.9085779190063477,
    2.357996702194214,
    2.9910330772399902,
    3.5559775829315186,
    3.93176531791687,
    4.375199317932129,
    4.415032386779785,
    4.671597003936768,
    4.658689498901367,
    4.887636661529541,
    4.984036445617676,
    5.0860137939453125
  ]
}