{
  "train_loss": [
    0.07770775258541107,
    0.07333117723464966,
    0.07460404187440872,
    0.07117057591676712,
    0.07037144899368286,
    0.07229897379875183,
    0.07206184417009354,
    0.06931085139513016,
    0.07234758138656616,
    0.07339964807033539,
    0.06922553479671478,
    0.07137438654899597
  ],
  "val_mae": [
    9.786511421203613,
    15.284972190856934,
    20.0306339263916,
    21.641313552856445,
    22.119979858398438,
    23.6837158203125,
    24.414297103881836,
    25.915420532226562,
    25.318843841552734,
    26.444475173950195,
    28.343908309936523,
    30.634628295898438
  ]
}