{"train_loss": 0.011460533365607262, "_timestamp": 1655715183, "_runtime": 158, "_step": 100, "val_mae": 0.40929001569747925, "_wandb": {"runtime": 156}}