{
  "train_loss": [
    0.08306588232517242,
    0.07493298500776291,
    0.06429442763328552,
    0.0694769099354744,
    0.049000781029462814,
    0.07538186013698578,
    0.07241823524236679,
    0.07539286464452744,
    0.06552422046661377,
    0.07328800857067108,
    0.055134668946266174,
    0.06891174614429474
  ],
  "val_mae": [
    13.094695091247559,
    26.011337280273438,
    31.360858917236328,
    30.142332077026367,
    33.14165115356445,
    33.086883544921875,
    36.30309295654297,
    41.81205749511719,
    49.28949737548828,
    52.60637283325195,
    56.03606033325195,
    65.22727966308594
  ]
}