{
  "train_loss": [
    0.0719456896185875,
    0.06340035796165466,
    0.055372461676597595,
    0.06736283004283905,
    0.06333517283201218,
    0.06340209394693375,
    0.07232549786567688,
    0.06731538474559784,
    0.06758385896682739,
    0.06549546867609024,
    0.06823360919952393,
    0.060847871005535126
  ],
  "val_mae": [
    51.08206558227539,
    113.3918685913086,
    140.94020080566406,
    165.7566680908203,
    145.1543426513672,
    143.40565490722656,
    132.21701049804688,
    142.4454345703125,
    132.7429656982422,
    124.96067810058594,
    125.48533630371094,
    122.2855453491211
  ]
}