{
  "train_loss": [
    0.08464089035987854,
    0.07910087704658508,
    0.07686150074005127,
    0.07414557784795761,
    0.07273031026124954,
    0.07220783084630966,
    0.07420982420444489,
    0.07334909588098526,
    0.06931197643280029,
    0.07294800877571106,
    0.07165390998125076,
    0.07302103191614151
  ],
  "val_mae": [
    1.5439939498901367,
    2.835817337036133,
    4.590167999267578,
    6.162189483642578,
    7.670281887054443,
    8.958673477172852,
    9.221277236938477,
    10.511645317077637,
    10.813592910766602,
    11.406571388244629,
    12.118195533752441,
    12.766170501708984
  ]
}