{
  "train_loss": [
    0.07482054829597473,
    0.07157597690820694,
    0.07092911005020142,
    0.07127296179533005,
    0.07128258049488068,
    0.07099678367376328,
    0.07133111357688904,
    0.07112795859575272,
    0.07164915651082993,
    0.0710132047533989,
    0.06973634660243988,
    0.07084599137306213
  ],
  "val_mae": [
    1.9048213958740234,
    2.2982261180877686,
    2.6074161529541016,
    3.012883424758911,
    3.185460090637207,
    3.3057398796081543,
    3.4633891582489014,
    3.6458241939544678,
    3.7690203189849854,
    3.989140272140503,
    4.212138652801514,
    4.263734340667725
  ]
}