{
  "train_loss": [
    0.08758585155010223,
    0.074573814868927,
    0.07057290524244308,
    0.07675835490226746,
    0.07465140521526337,
    0.07010575383901596,
    0.07112375646829605,
    0.06944036483764648,
    0.06770554184913635,
    0.06956644356250763,
    0.06984374672174454,
    0.0759475827217102
  ],
  "val_mae": [
    7.525562763214111,
    9.607897758483887,
    13.890848159790039,
    17.757740020751953,
    20.278738021850586,
    22.97512435913086,
    26.92632484436035,
    26.72736930847168,
    28.312597274780273,
    29.242280960083008,
    31.283979415893555,
    31.99649429321289
  ]
}