{
  "train_loss": [
    0.07224345952272415,
    0.07110552489757538,
    0.07092186063528061,
    0.07233734428882599,
    0.07112304866313934,
    0.07094477862119675,
    0.0717373639345169,
    0.06902240961790085,
    0.07087645679712296,
    0.07180991023778915,
    0.07114925235509872,
    0.07197827100753784
  ],
  "val_mae": [
    4.693729877471924,
    7.587028503417969,
    10.24188232421875,
    9.772054672241211,
    10.115204811096191,
    10.581682205200195,
    11.631454467773438,
    11.95230770111084,
    11.686335563659668,
    12.0416841506958,
    11.61361026763916,
    11.567599296569824
  ]
}