{
  "train_loss": [
    0.07365306466817856,
    0.07082895189523697,
    0.07052232325077057,
    0.0717962384223938,
    0.06869213283061981,
    0.07293318212032318,
    0.07103428244590759,
    0.0696849524974823,
    0.07225961983203888,
    0.06781763583421707,
    0.06850075721740723,
    0.07004594802856445,
    0.07141726464033127,
    0.0710449069738388
  ],
  "val_mae": [
    10.259875297546387,
    9.991864204406738,
    9.332504272460938,
    9.169912338256836,
    9.783227920532227,
    10.148405075073242,
    10.890336036682129,
    12.914626121520996,
    12.801874160766602,
    12.871818542480469,
    13.761234283447266,
    14.534253120422363,
    14.66038703918457,
    14.71799373626709
  ]
}