{
  "train_loss": [
    0.08023444563150406,
    0.07380663603544235,
    0.07229983061552048,
    0.07100221514701843,
    0.07182010263204575,
    0.0703926682472229,
    0.07088832557201385,
    0.07175754755735397,
    0.07098095864057541,
    0.07114040106534958,
    0.07116462290287018,
    0.07058742642402649
  ],
  "val_mae": [
    2.060824394226074,
    3.599576711654663,
    4.3086090087890625,
    4.927981853485107,
    5.948761463165283,
    6.333307266235352,
    7.038697719573975,
    7.6601176261901855,
    8.105097770690918,
    8.301301956176758,
    8.21645450592041,
    8.401066780090332
  ]
}