{
  "train_loss": [
    0.08541098237037659,
    0.07965865731239319,
    0.08433220535516739,
    0.07277508080005646,
    0.07448848336935043,
    0.0791238471865654,
    0.06913153827190399,
    0.07649559527635574,
    0.06776221096515656,
    0.07472675293684006,
    0.06810106337070465,
    0.06796851754188538
  ],
  "val_mae": [
    2.0081074237823486,
    3.921438217163086,
    6.928633689880371,
    9.622440338134766,
    11.371784210205078,
    14.065743446350098,
    15.058130264282227,
    16.330711364746094,
    18.371599197387695,
    19.90407943725586,
    20.911378860473633,
    22.07505226135254
  ]
}