{
  "train_loss": [
    0.07028250396251678,
    0.06089405342936516,
    0.06841886043548584,
    0.05846896395087242,
    0.05564339831471443,
    0.06427651643753052,
    0.07881417125463486,
    0.06200411915779114,
    0.06430478394031525,
    0.06281354278326035,
    0.07144908607006073,
    0.06160614639520645,
    0.05173012241721153,
    0.06888003647327423
  ],
  "val_mae": [
    77.9241943359375,
    100.9748764038086,
    100.65574645996094,
    98.28685760498047,
    121.04650115966797,
    132.13906860351562,
    141.1840057373047,
    145.84652709960938,
    141.4479217529297,
    149.7440185546875,
    148.20172119140625,
    145.41163635253906,
    141.8346710205078,
    138.29385375976562
  ]
}