{
  "train_loss": [
    0.07599499821662903,
    0.08825814723968506,
    0.07748919725418091,
    0.07987485080957413,
    0.08736812323331833,
    0.07322211563587189,
    0.0866212546825409,
    0.07559472322463989,
    0.07693937420845032,
    0.07449471950531006,
    0.07738645374774933,
    0.07543612271547318
  ],
  "val_mae": [
    6.9173383712768555,
    7.428612232208252,
    9.893122673034668,
    12.051187515258789,
    12.79274845123291,
    12.812228202819824,
    13.242228507995605,
    14.046544075012207,
    15.55204963684082,
    16.623340606689453,
    17.943384170532227,
    19.472288131713867
  ]
}