{
  "train_loss": [
    0.0829194188117981,
    0.07738489657640457,
    0.07324525713920593,
    0.07164791971445084,
    0.07303296774625778,
    0.07124612480401993,
    0.06959918141365051,
    0.07302792370319366,
    0.07225987315177917,
    0.06752884387969971,
    0.06958449631929398,
    0.07064565271139145
  ],
  "val_mae": [
    13.183969497680664,
    35.91455841064453,
    60.16511154174805,
    54.05691909790039,
    52.61388397216797,
    50.866424560546875,
    51.332637786865234,
    52.06761169433594,
    51.804500579833984,
    50.410953521728516,
    51.17293167114258,
    50.33442687988281
  ]
}