{
  "train_loss": [
    0.07906321436166763,
    0.07984917610883713,
    0.07903090864419937,
    0.07549116760492325,
    0.07506876438856125,
    0.06398855149745941,
    0.07879756391048431,
    0.08544521033763885,
    0.07784989476203918,
    0.07811875641345978,
    0.07327413558959961,
    0.07218925654888153
  ],
  "val_mae": [
    7.263012886047363,
    8.694321632385254,
    10.596040725708008,
    11.945350646972656,
    13.872429847717285,
    14.566201210021973,
    15.624513626098633,
    17.775245666503906,
    19.689842224121094,
    20.554609298706055,
    20.978246688842773,
    22.00399398803711
  ]
}