{
  "train_loss": [
    0.0738377571105957,
    0.07185420393943787,
    0.06916122138500214,
    0.07032826542854309,
    0.06828344613313675,
    0.07059311866760254,
    0.06949970126152039,
    0.0674748420715332,
    0.07088961452245712,
    0.06934592872858047,
    0.06856244057416916,
    0.06662005931138992
  ],
  "val_mae": [
    19.161792755126953,
    16.378753662109375,
    21.485092163085938,
    21.230348587036133,
    21.998865127563477,
    25.78150749206543,
    25.6965389251709,
    25.583906173706055,
    26.03046989440918,
    26.09824562072754,
    25.073759078979492,
    24.241636276245117
  ]
}