{
  "train_loss": [
    0.08146984130144119,
    0.07978284358978271,
    0.07779186964035034,
    0.07818794250488281,
    0.07779974490404129,
    0.07727831602096558,
    0.07471410185098648,
    0.07521609961986542,
    0.0754425898194313,
    0.07505529373884201,
    0.07411911338567734,
    0.07335192710161209
  ],
  "val_mae": [
    0.47164255380630493,
    0.538786768913269,
    0.626220703125,
    0.701348602771759,
    0.8032909035682678,
    0.9353740811347961,
    1.078728437423706,
    1.207233190536499,
    1.3093332052230835,
    1.4183125495910645,
    1.5036314725875854,
    1.5982944965362549
  ]
}