{
  "train_loss": [
    0.07848134636878967,
    0.07344333827495575,
    0.07234957069158554,
    0.07107581943273544,
    0.07154162973165512,
    0.07213348150253296,
    0.07158712297677994,
    0.07170097529888153,
    0.07166992127895355,
    0.07109983265399933,
    0.07069987058639526,
    0.07102362811565399
  ],
  "val_mae": [
    5.220180988311768,
    5.136691093444824,
    5.518979072570801,
    5.847827434539795,
    5.787750720977783,
    6.210681438446045,
    6.711823463439941,
    7.124777317047119,
    7.636935234069824,
    8.498472213745117,
    8.813244819641113,
    8.936222076416016
  ]
}