{
  "train_loss": [
    0.07465100288391113,
    0.08216862380504608,
    0.09001606702804565,
    0.0671483725309372,
    0.08891796320676804,
    0.08310486376285553,
    0.07834149897098541,
    0.08307578414678574,
    0.07104955613613129,
    0.07969377934932709,
    0.07358402013778687,
    0.07436615973711014
  ],
  "val_mae": [
    1.8615609407424927,
    3.3793821334838867,
    4.632440567016602,
    5.89244270324707,
    7.204937934875488,
    8.546062469482422,
    9.493061065673828,
    10.483975410461426,
    11.460159301757812,
    12.607484817504883,
    14.040665626525879,
    15.350666999816895
  ]
}