{
  "train_loss": [
    0.07745833694934845,
    0.07053372263908386,
    0.07008174806833267,
    0.07701200246810913,
    0.07268062978982925,
    0.0719262957572937,
    0.06453604251146317,
    0.06974402070045471,
    0.06627987325191498,
    0.07121910154819489,
    0.06985477358102798,
    0.06754371523857117,
    0.07012045383453369
  ],
  "val_mae": [
    26.597993850708008,
    68.7760009765625,
    67.78565216064453,
    70.2422866821289,
    69.74005889892578,
    72.7936019897461,
    78.85879516601562,
    79.4013442993164,
    84.111572265625,
    85.34180450439453,
    85.65213012695312,
    84.9213638305664,
    89.21754455566406
  ]
}