{
  "train_loss": [
    0.07340968400239944,
    0.07104086130857468,
    0.06803198903799057,
    0.0677589625120163,
    0.06994865834712982,
    0.07008641958236694,
    0.06800422072410583,
    0.06955082714557648,
    0.07060187309980392,
    0.06711816042661667,
    0.06559298932552338,
    0.07073153555393219,
    0.06641226261854172
  ],
  "val_mae": [
    21.683937072753906,
    26.115995407104492,
    24.739809036254883,
    32.869606018066406,
    31.146894454956055,
    36.12390899658203,
    39.5904655456543,
    40.24985885620117,
    43.99110794067383,
    45.500755310058594,
    45.112552642822266,
    43.910545349121094,
    41.92682647705078
  ]
}