{
  "train_loss": [
    0.08078823983669281,
    0.08025969564914703,
    0.0774359479546547,
    0.0753459483385086,
    0.0762399286031723,
    0.0739813894033432,
    0.0721299797296524,
    0.07231570035219193,
    0.07090821117162704,
    0.07192530483007431,
    0.07076310366392136,
    0.07226628810167313
  ],
  "val_mae": [
    0.7524147033691406,
    1.0412715673446655,
    1.5457700490951538,
    2.244724750518799,
    3.1915676593780518,
    4.000784397125244,
    4.619878768920898,
    5.176425457000732,
    5.66139554977417,
    6.025784969329834,
    6.285131931304932,
    6.510026931762695
  ]
}