{
  "train_loss": [
    0.072784923017025,
    0.06942661851644516,
    0.07024814188480377,
    0.07046744227409363,
    0.07102160155773163,
    0.07125553488731384,
    0.07162975519895554,
    0.07074619829654694,
    0.0710614025592804,
    0.07353053241968155,
    0.07165434956550598,
    0.07078485935926437
  ],
  "val_mae": [
    15.261305809020996,
    14.476765632629395,
    16.26944351196289,
    16.91085433959961,
    17.93507957458496,
    19.20237922668457,
    19.231163024902344,
    19.225881576538086,
    19.032445907592773,
    18.368423461914062,
    18.611888885498047,
    18.629751205444336
  ]
}