{
  "train_loss": [
    0.0800495445728302,
    0.07668887078762054,
    0.07299484312534332,
    0.07169075310230255,
    0.07157183438539505,
    0.07181479036808014,
    0.07145096361637115,
    0.0716509222984314,
    0.07185851782560349,
    0.07153433561325073,
    0.07088419049978256,
    0.07061461359262466
  ],
  "val_mae": [
    0.5102288126945496,
    0.8413848280906677,
    1.1210256814956665,
    1.2933156490325928,
    1.4770097732543945,
    1.6226084232330322,
    1.7214127779006958,
    1.7995717525482178,
    1.9061737060546875,
    2.015810489654541,
    2.112325429916382,
    2.2300894260406494
  ]
}