{
  "train_loss": [
    0.07235226035118103,
    0.07248818874359131,
    0.06944030523300171,
    0.06809002161026001,
    0.06870408356189728,
    0.07219618558883667,
    0.07038489729166031,
    0.07031476497650146,
    0.07074552029371262,
    0.07026471197605133,
    0.07044174522161484,
    0.0697842538356781
  ],
  "val_mae": [
    7.535706043243408,
    9.975167274475098,
    11.568197250366211,
    13.288549423217773,
    13.357782363891602,
    13.620882987976074,
    13.065169334411621,
    12.796866416931152,
    13.17840576171875,
    13.735278129577637,
    14.656280517578125,
    14.964673042297363
  ]
}