{
  "train_loss": [
    0.051955729722976685,
    0.05716432258486748,
    0.05873413383960724,
    0.06592864543199539,
    0.05747134983539581,
    0.048860132694244385,
    0.07798444479703903,
    0.05766372010111809,
    0.057429760694503784,
    0.05973106622695923,
    0.07559668272733688,
    0.08918897062540054
  ],
  "val_mae": [
    16.00996208190918,
    19.920591354370117,
    77.34611511230469,
    112.11373138427734,
    99.94709014892578,
    85.79386138916016,
    82.30768585205078,
    98.67546081542969,
    100.16217803955078,
    98.9349365234375,
    93.21636962890625,
    92.60069274902344
  ]
}