{
  "train_loss": [
    0.07584379613399506,
    0.0727003961801529,
    0.07128529250621796,
    0.07197665423154831,
    0.07263555377721786,
    0.07101340591907501,
    0.0720362439751625,
    0.07140517234802246,
    0.07052311301231384,
    0.07102333009243011,
    0.07140000909566879,
    0.07086313515901566
  ],
  "val_mae": [
    3.528994560241699,
    4.6406755447387695,
    4.654185771942139,
    5.114609718322754,
    5.685614109039307,
    5.912390232086182,
    6.060532093048096,
    6.464658737182617,
    6.830190658569336,
    6.912680625915527,
    7.3601813316345215,
    7.611649036407471
  ]
}