{
  "train_loss": [
    0.07997284084558487,
    0.08373305201530457,
    0.07691853493452072,
    0.08670704811811447,
    0.06237293779850006,
    0.08985696732997894,
    0.0756727084517479,
    0.06225563585758209,
    0.06507661938667297,
    0.085340216755867,
    0.0961068794131279,
    0.060299649834632874,
    0.07337726652622223,
    0.06152331829071045,
    0.0958966463804245
  ],
  "val_mae": [
    23.297788619995117,
    23.942155838012695,
    24.925079345703125,
    23.117355346679688,
    22.118799209594727,
    23.90690040588379,
    25.446523666381836,
    27.865867614746094,
    31.6125431060791,
    31.14545249938965,
    34.65711212158203,
    37.52125930786133,
    40.0844841003418,
    40.75759506225586,
    40.53714370727539
  ]
}