{
  "train_loss": [
    0.08301278203725815,
    0.07061479240655899,
    0.07685384899377823,
    0.0568990521132946,
    0.040554605424404144,
    0.07505612075328827,
    0.052507705986499786,
    0.07141243666410446,
    0.06605464965105057,
    0.0603315532207489,
    0.0816214457154274,
    0.0425918847322464
  ],
  "val_mae": [
    28.650894165039062,
    31.445571899414062,
    46.266944885253906,
    52.57127380371094,
    48.00325012207031,
    52.295509338378906,
    65.17577362060547,
    67.23505401611328,
    73.05766296386719,
    78.96552276611328,
    83.5281982421875,
    94.07205200195312
  ]
}