{
  "train_loss": [
    0.04997642710804939,
    0.05198737233877182,
    0.0646061971783638,
    0.06416372209787369,
    0.0698697417974472,
    0.06244705617427826,
    0.06025175005197525,
    0.07612241059541702,
    0.06942121684551239,
    0.07478158175945282,
    0.047041915357112885,
    0.056059252470731735,
    0.061152681708335876,
    0.05981897935271263,
    0.07539314031600952,
    0.042263589799404144,
    0.05023373290896416,
    0.06216822937130928,
    0.06774250417947769,
    0.058680903166532516
  ],
  "val_mae": [
    78.99554443359375,
    119.18399810791016,
    90.99018859863281,
    77.2804183959961,
    85.41146850585938,
    84.96501922607422,
    77.67581176757812,
    74.56998443603516,
    68.1004409790039,
    66.08753967285156,
    74.84147644042969,
    78.32593536376953,
    77.05361938476562,
    78.69754028320312,
    76.14505767822266,
    79.80625915527344,
    79.3296890258789,
    80.68736267089844,
    91.01628875732422,
    95.71148681640625
  ]
}