{
  "train_loss": [
    0.0828736275434494,
    0.07775183767080307,
    0.0738530233502388,
    0.07052788138389587,
    0.07215116918087006,
    0.06929328292608261,
    0.07584855705499649,
    0.07163681834936142,
    0.07179643213748932,
    0.07068061828613281,
    0.0722423568367958,
    0.07015208154916763
  ],
  "val_mae": [
    3.4418883323669434,
    6.141327857971191,
    8.129645347595215,
    10.520427703857422,
    11.702071189880371,
    12.999202728271484,
    14.736224174499512,
    15.096212387084961,
    16.017263412475586,
    17.290212631225586,
    18.14082908630371,
    18.233484268188477
  ]
}