{
  "train_loss": [
    0.08328236639499664,
    0.0842445120215416,
    0.08124925196170807,
    0.07268635183572769,
    0.07606227695941925,
    0.08199740201234818,
    0.0803154706954956,
    0.07768162339925766,
    0.08398672193288803,
    0.0808500424027443,
    0.0795612558722496,
    0.07372917979955673
  ],
  "val_mae": [
    1.9471911191940308,
    2.463106632232666,
    2.8665947914123535,
    3.2486908435821533,
    3.653870105743408,
    3.992522716522217,
    4.454700469970703,
    4.821235179901123,
    5.281245231628418,
    5.825605869293213,
    6.4061737060546875,
    6.899683952331543
  ]
}