{
  "train_loss": [
    0.08225380629301071,
    0.0802178904414177,
    0.07879519462585449,
    0.07751795649528503,
    0.07631263136863708,
    0.07524886727333069,
    0.07349257171154022,
    0.07367782294750214,
    0.0729866772890091,
    0.07210146635770798,
    0.07335571944713593,
    0.07098645716905594
  ],
  "val_mae": [
    0.7349064946174622,
    0.8397173285484314,
    0.9633203148841858,
    1.1082899570465088,
    1.2665828466415405,
    1.423010230064392,
    1.6125645637512207,
    1.8351335525512695,
    2.0318455696105957,
    2.262151002883911,
    2.4878222942352295,
    2.6935243606567383
  ]
}