{
  "train_loss": [
    0.08209893107414246,
    0.10371449589729309,
    0.07731587439775467,
    0.07634319365024567,
    0.06792574375867844,
    0.0853835865855217,
    0.04053396359086037,
    0.060128215700387955,
    0.072591133415699,
    0.06138746067881584,
    0.06957907974720001,
    0.07557515799999237
  ],
  "val_mae": [
    4.268058776855469,
    9.444215774536133,
    13.094518661499023,
    22.343021392822266,
    28.2276611328125,
    37.008888244628906,
    60.002742767333984,
    67.41724395751953,
    82.8402328491211,
    91.85130310058594,
    95.17698669433594,
    103.65888977050781
  ]
}