{"train_loss": 0.013069954700767994, "_timestamp": 1655716759, "_runtime": 18, "_step": 81, "mean_loss": 0.013284205459058285, "val_mae": 0.40595704317092896, "_wandb": {"runtime": 30}}