{
  "train_loss": [
    0.07039092481136322,
    0.06624656170606613,
    0.06837279349565506,
    0.07765060663223267,
    0.07331440597772598,
    0.06408446282148361,
    0.06149740144610405,
    0.06596802175045013,
    0.0662221685051918,
    0.07192601263523102,
    0.0767529085278511,
    0.06739560514688492,
    0.07269183546304703,
    0.06598488986492157,
    0.07377803325653076,
    0.08237830549478531,
    0.0734180137515068,
    0.06702174246311188
  ],
  "val_mae": [
    132.05101013183594,
    122.77918243408203,
    104.19146728515625,
    97.16307830810547,
    90.47164916992188,
    92.88884735107422,
    88.04166412353516,
    87.55152893066406,
    88.97599792480469,
    90.37472534179688,
    94.47380065917969,
    108.54197692871094,
    105.73394775390625,
    108.58990478515625,
    110.438720703125,
    111.1180191040039,
    112.36280822753906,
    115.03694152832031
  ]
}