{
  "train_loss": [
    0.08057478070259094,
    0.07899622619152069,
    0.07795397192239761,
    0.07848993688821793,
    0.07595554739236832,
    0.07113151997327805,
    0.07668116688728333,
    0.0725117027759552,
    0.07853926718235016,
    0.07108413428068161,
    0.07542388886213303,
    0.07072196155786514
  ],
  "val_mae": [
    8.597172737121582,
    11.32970142364502,
    16.946922302246094,
    16.770919799804688,
    18.975858688354492,
    21.916635513305664,
    23.032215118408203,
    29.072004318237305,
    30.957643508911133,
    27.907072067260742,
    31.08849334716797,
    37.43894577026367
  ]
}