{
  "train_loss": [
    0.07487776130437851,
    0.07111915200948715,
    0.0720653310418129,
    0.07174951583147049,
    0.06947489082813263,
    0.07043354958295822,
    0.07070980966091156,
    0.07049915194511414,
    0.07276105135679245,
    0.07077083736658096,
    0.07139556109905243,
    0.07083871960639954
  ],
  "val_mae": [
    10.336030006408691,
    15.007344245910645,
    16.589111328125,
    16.435428619384766,
    16.655977249145508,
    17.58745765686035,
    17.403751373291016,
    17.118858337402344,
    17.524019241333008,
    17.989259719848633,
    18.12786102294922,
    17.899538040161133
  ]
}