{
  "train_loss": [
    0.08295097947120667,
    0.06949824094772339,
    0.07340831309556961,
    0.07411578297615051,
    0.06949552893638611,
    0.07082805037498474,
    0.0735187828540802,
    0.07527336478233337,
    0.07409221678972244,
    0.06980443745851517,
    0.07183423638343811,
    0.07097712904214859
  ],
  "val_mae": [
    24.790355682373047,
    39.4049186706543,
    46.59440231323242,
    50.91551208496094,
    57.57826232910156,
    53.24434280395508,
    52.777801513671875,
    55.17394256591797,
    58.2426643371582,
    60.79197311401367,
    62.51496887207031,
    62.65059280395508
  ]
}