{
  "train_loss": [
    0.07858027517795563,
    0.07145277410745621,
    0.07163916528224945,
    0.0729873925447464,
    0.07117541879415512,
    0.0707537904381752,
    0.06922005861997604,
    0.07185592502355576,
    0.07228119671344757,
    0.07057724893093109,
    0.07133323699235916,
    0.07168271392583847
  ],
  "val_mae": [
    2.9570181369781494,
    4.207391738891602,
    4.769229412078857,
    5.421529293060303,
    5.6919684410095215,
    6.458013534545898,
    7.191748142242432,
    8.223409652709961,
    8.911455154418945,
    9.577670097351074,
    10.498846054077148,
    10.73246955871582
  ]
}