{
  "train_loss": [
    0.060119159519672394,
    0.06694996356964111,
    0.064601369202137,
    0.06520906090736389,
    0.07303623110055923,
    0.05205771327018738,
    0.0500970296561718,
    0.09974917024374008,
    0.06132693961262703,
    0.06521794945001602,
    0.07158342003822327,
    0.07866189628839493
  ],
  "val_mae": [
    24.738473892211914,
    20.561752319335938,
    24.945220947265625,
    28.892898559570312,
    34.640625,
    43.934364318847656,
    53.233394622802734,
    51.841609954833984,
    51.18699645996094,
    49.425537109375,
    48.011619567871094,
    46.4028434753418
  ]
}