{
  "train_loss": [
    0.08678983151912689,
    0.09528680890798569,
    0.07879044860601425,
    0.0863790214061737,
    0.0798073261976242,
    0.08694452047348022,
    0.06075502932071686,
    0.09163576364517212,
    0.0712716281414032,
    0.07573895156383514,
    0.05856706202030182,
    0.06519710272550583,
    0.06918701529502869
  ],
  "val_mae": [
    12.498847961425781,
    12.69951343536377,
    11.674099922180176,
    14.727380752563477,
    17.208332061767578,
    24.901771545410156,
    30.003433227539062,
    35.921424865722656,
    37.94332504272461,
    38.79515838623047,
    39.29428482055664,
    41.79257583618164,
    46.47086715698242
  ]
}