{
  "train_loss": [
    0.07963103801012039,
    0.06785114854574203,
    0.06641266494989395,
    0.07282255589962006,
    0.0644870400428772,
    0.06846603751182556,
    0.06771750748157501,
    0.07701276987791061,
    0.07040739059448242,
    0.07111578434705734,
    0.07624958455562592,
    0.06975509226322174
  ],
  "val_mae": [
    18.18741226196289,
    21.59627342224121,
    26.4509334564209,
    42.832054138183594,
    44.49293899536133,
    46.369388580322266,
    52.20711135864258,
    56.81655502319336,
    56.39523696899414,
    54.55748748779297,
    53.25337219238281,
    57.549747467041016
  ]
}