{
  "train_loss": [
    0.08052843064069748,
    0.08054056018590927,
    0.07545642554759979,
    0.07619011402130127,
    0.07370913773775101,
    0.07266613095998764,
    0.07165373116731644,
    0.07326551526784897,
    0.0724661648273468,
    0.0727921724319458,
    0.07230226695537567,
    0.07187074422836304
  ],
  "val_mae": [
    1.9112706184387207,
    2.7445766925811768,
    3.8460259437561035,
    5.357529163360596,
    6.965943336486816,
    8.565202713012695,
    9.849857330322266,
    10.587306022644043,
    11.322139739990234,
    12.103848457336426,
    12.721531867980957,
    13.335548400878906
  ]
}