{
  "train_loss": [
    0.07608930766582489,
    0.075991190969944,
    0.07344716042280197,
    0.073093481361866,
    0.07283186167478561,
    0.07206413894891739,
    0.07110518217086792,
    0.07264331728219986,
    0.07080022245645523,
    0.07247768342494965,
    0.07001222670078278,
    0.07195636630058289,
    0.06993857771158218
  ],
  "val_mae": [
    9.234496116638184,
    10.082558631896973,
    9.580204963684082,
    10.167964935302734,
    10.823774337768555,
    11.83458423614502,
    12.325457572937012,
    12.776143074035645,
    13.1375093460083,
    15.00689697265625,
    16.00148582458496,
    16.067224502563477,
    16.373985290527344
  ]
}