{
  "train_loss": [
    0.07608802616596222,
    0.07100235670804977,
    0.07076352089643478,
    0.07201912254095078,
    0.06996430456638336,
    0.07107780128717422,
    0.07014714926481247,
    0.07027389854192734,
    0.07041982561349869,
    0.07020819932222366,
    0.07001716643571854,
    0.07099568843841553
  ],
  "val_mae": [
    3.444550037384033,
    4.235391139984131,
    5.795255661010742,
    6.327840805053711,
    7.003793716430664,
    7.582243919372559,
    7.56887674331665,
    7.773681640625,
    8.086992263793945,
    8.239274024963379,
    8.3759765625,
    8.699100494384766
  ]
}