{
  "train_loss": [
    0.07766609638929367,
    0.061732761561870575,
    0.07374689728021622,
    0.06263602524995804,
    0.06633422523736954,
    0.06495896726846695,
    0.06713464856147766,
    0.06841832399368286,
    0.06366497278213501,
    0.06309161335229874,
    0.07134788483381271,
    0.07086029648780823
  ],
  "val_mae": [
    8.525053024291992,
    15.370980262756348,
    27.261993408203125,
    28.626876831054688,
    38.00156021118164,
    37.886138916015625,
    50.076534271240234,
    49.58469009399414,
    55.04742431640625,
    55.47319412231445,
    54.08060836791992,
    56.802467346191406
  ]
}