{
  "train_loss": [
    0.07991057634353638,
    0.08770588040351868,
    0.08323480933904648,
    0.08264660090208054,
    0.0836653932929039,
    0.08338605612516403,
    0.08846208453178406,
    0.07596347481012344,
    0.07171287387609482,
    0.07731353491544724,
    0.0669328048825264,
    0.07349199801683426
  ],
  "val_mae": [
    2.1534643173217773,
    3.6502745151519775,
    4.458868980407715,
    5.105712890625,
    5.943519592285156,
    7.179837226867676,
    8.332629203796387,
    9.67617130279541,
    10.769472122192383,
    11.516572952270508,
    12.138587951660156,
    12.376701354980469
  ]
}