{"train_loss": 0.011587796732783318, "_timestamp": 1655716602, "_runtime": 83, "_step": 377, "mean_loss": 0.011592471972107887, "val_mae": 0.405228853225708, "_wandb": {"runtime": 82}}