{
  "train_loss": [
    0.0838778167963028,
    0.07975129783153534,
    0.07975183427333832,
    0.07929150760173798,
    0.07449284195899963,
    0.08077739179134369,
    0.07340022921562195,
    0.0742497369647026,
    0.08000493794679642,
    0.07590369135141373,
    0.08006837964057922,
    0.0771627277135849
  ],
  "val_mae": [
    5.836752891540527,
    6.063147068023682,
    6.515439987182617,
    7.110136032104492,
    7.626795291900635,
    8.312566757202148,
    8.743415832519531,
    9.097034454345703,
    9.710451126098633,
    10.359062194824219,
    11.18808364868164,
    11.660670280456543
  ]
}