{
  "train_loss": [
    0.08188174664974213,
    0.07410626858472824,
    0.06830599159002304,
    0.0650099664926529,
    0.07031635195016861,
    0.07133257389068604,
    0.07436076551675797,
    0.07216230779886246,
    0.08807803690433502,
    0.06717099249362946,
    0.07830037921667099,
    0.07211165875196457,
    0.07431459426879883,
    0.06736048310995102,
    0.0849142074584961,
    0.06680478155612946,
    0.0624731108546257,
    0.0696423277258873,
    0.06986042112112045,
    0.06545493751764297,
    0.08312895894050598,
    0.08938852697610855,
    0.07858607918024063,
    0.06847165524959564,
    0.0801776796579361,
    0.07109488546848297,
    0.0745902881026268,
    0.07520105689764023,
    0.07502593100070953,
    0.08206125348806381,
    0.07335732877254486,
    0.0722092017531395,
    0.07027281075716019,
    0.07634750753641129,
    0.0778551921248436,
    0.07231825590133667,
    0.06677893549203873,
    0.07039941847324371,
    0.0723627582192421,
    0.0738409161567688,
    0.06806234270334244,
    0.07637349516153336,
    0.06306897103786469,
    0.07006970047950745,
    0.0699266716837883,
    0.07652036100625992,
    0.07450128346681595
  ],
  "val_mae": [
    232.89190673828125,
    259.0101013183594,
    209.3018798828125,
    171.84246826171875,
    162.814208984375,
    172.04757690429688,
    159.1926727294922,
    151.85604858398438,
    145.4225311279297,
    135.82388305664062,
    132.83554077148438,
    133.45436096191406,
    128.90240478515625,
    129.99034118652344,
    131.19915771484375,
    129.07034301757812,
    126.37311553955078,
    124.1519546508789,
    126.72563934326172,
    132.2111053466797,
    128.5205078125,
    129.20574951171875,
    127.79539489746094,
    126.73680114746094,
    126.80748748779297,
    123.51351928710938,
    124.4988784790039,
    125.92119598388672,
    125.95523071289062,
    123.92927551269531,
    125.06039428710938,
    123.05130767822266,
    121.6569595336914,
    123.37899780273438,
    122.06644439697266,
    121.7906494140625,
    121.39716339111328,
    121.62116241455078,
    121.6948471069336,
    123.46633911132812,
    125.59014129638672,
    126.32225799560547,
    124.66448974609375,
    124.05624389648438,
    125.17967987060547,
    123.78424072265625,
    124.34046936035156
  ]
}