{
  "train_loss": [
    0.07539121806621552,
    0.07106506079435349,
    0.07062456011772156,
    0.07306702435016632,
    0.07374586164951324,
    0.0708046481013298,
    0.07283227890729904,
    0.06995660811662674,
    0.07275109738111496,
    0.0695151537656784,
    0.07118387520313263,
    0.0689195990562439,
    0.07120989263057709,
    0.06870558112859726
  ],
  "val_mae": [
    6.019260406494141,
    6.2224273681640625,
    6.371688365936279,
    5.778747081756592,
    6.443553447723389,
    6.796986103057861,
    7.021777629852295,
    7.2757720947265625,
    7.509400367736816,
    8.327927589416504,
    8.925990104675293,
    8.923811912536621,
    9.258390426635742,
    9.841044425964355
  ]
}