{
  "train_loss": [
    0.06972388178110123,
    0.0700177326798439,
    0.0682557225227356,
    0.06352400034666061,
    0.06806322187185287,
    0.06904629617929459,
    0.06483891606330872,
    0.057302433997392654,
    0.0628770962357521,
    0.07123079150915146,
    0.07234308868646622,
    0.06417111307382584,
    0.06377828121185303
  ],
  "val_mae": [
    21.32171058654785,
    34.36327362060547,
    30.169883728027344,
    40.931766510009766,
    52.30654525756836,
    59.4273567199707,
    56.93722152709961,
    61.54045104980469,
    63.938453674316406,
    62.90642547607422,
    69.51162719726562,
    71.25439453125,
    67.29254150390625
  ]
}