{
  "train_loss": [
    0.07195379585027695,
    0.07185434550046921,
    0.0693526491522789,
    0.07123976945877075,
    0.07145732641220093,
    0.07169800251722336,
    0.07225532084703445,
    0.06844865530729294,
    0.06518169492483139,
    0.07197500020265579,
    0.07212727516889572,
    0.07169666141271591
  ],
  "val_mae": [
    5.964272499084473,
    9.013782501220703,
    13.058494567871094,
    17.5628719329834,
    19.42157554626465,
    20.20003890991211,
    19.568960189819336,
    20.405649185180664,
    21.12932586669922,
    22.627513885498047,
    23.12400245666504,
    25.03571128845215
  ]
}