{
  "train_loss": [
    0.08279665559530258,
    0.08140984177589417,
    0.07780883461236954,
    0.07489583641290665,
    0.07375378906726837,
    0.07239151746034622,
    0.07323987782001495,
    0.07163506001234055,
    0.07236601412296295,
    0.07188547402620316,
    0.07267087697982788,
    0.07126640528440475
  ],
  "val_mae": [
    0.3663879334926605,
    0.4370223879814148,
    0.5365486145019531,
    0.6666510701179504,
    0.7936383485794067,
    0.898617148399353,
    0.9885320067405701,
    1.062398076057434,
    1.1191462278366089,
    1.1816589832305908,
    1.2316783666610718,
    1.273797869682312
  ]
}