{
  "train_loss": [
    0.07430526614189148,
    0.06971556693315506,
    0.07093415409326553,
    0.07127238810062408,
    0.0704103633761406,
    0.07023262977600098,
    0.06969165056943893,
    0.07111038267612457,
    0.07117506861686707,
    0.07140474021434784,
    0.06978598982095718,
    0.07063300907611847
  ],
  "val_mae": [
    3.285696268081665,
    4.152263164520264,
    6.038860321044922,
    7.458869457244873,
    7.583504676818848,
    7.8663740158081055,
    8.341605186462402,
    8.931402206420898,
    9.281207084655762,
    9.687630653381348,
    9.627045631408691,
    9.561372756958008
  ]
}