{
  "train_loss": [
    0.08304135501384735,
    0.0747395008802414,
    0.07753109931945801,
    0.07491948455572128,
    0.07342571765184402,
    0.07403375953435898,
    0.07347828894853592,
    0.07397002726793289,
    0.07217544317245483,
    0.07176364213228226,
    0.07279902696609497,
    0.07266459614038467
  ],
  "val_mae": [
    0.9576813578605652,
    1.0450690984725952,
    1.1148658990859985,
    1.167536973953247,
    1.2146282196044922,
    1.2417759895324707,
    1.30169677734375,
    1.3496571779251099,
    1.392758846282959,
    1.4268810749053955,
    1.4657835960388184,
    1.5020594596862793
  ]
}