{
  "train_loss": [
    0.07953507453203201,
    0.07339945435523987,
    0.0726727768778801,
    0.07103237509727478,
    0.0726868137717247,
    0.07244998961687088,
    0.07288537919521332,
    0.07139270007610321,
    0.07121239602565765,
    0.07106561958789825,
    0.07152757048606873,
    0.071476049721241
  ],
  "val_mae": [
    10.784585952758789,
    13.294744491577148,
    13.29544734954834,
    14.621772766113281,
    16.300111770629883,
    18.19099998474121,
    20.774629592895508,
    24.694992065429688,
    28.52617073059082,
    31.174654006958008,
    34.12173843383789,
    36.91930389404297
  ]
}