{
  "train_loss": [
    0.08315504342317581,
    0.08071258664131165,
    0.07891008257865906,
    0.08044396340847015,
    0.07796937227249146,
    0.07611386477947235,
    0.07461609691381454,
    0.07525262236595154,
    0.07537813484668732,
    0.07418839633464813,
    0.07612332701683044,
    0.07350025326013565
  ],
  "val_mae": [
    0.9915236830711365,
    1.2458951473236084,
    1.5387375354766846,
    1.907860279083252,
    2.341832160949707,
    2.8168227672576904,
    3.3282477855682373,
    3.8770718574523926,
    4.465366840362549,
    5.05581521987915,
    5.711834907531738,
    6.326273441314697
  ]
}