{
  "train_loss": [
    0.07974551618099213,
    0.07248751074075699,
    0.06967678666114807,
    0.07234995067119598,
    0.06987763941287994,
    0.06943321973085403,
    0.07113967835903168,
    0.07228635996580124,
    0.06928375363349915,
    0.07066892087459564,
    0.07143568247556686,
    0.07068473100662231
  ],
  "val_mae": [
    2.641718626022339,
    4.62911319732666,
    5.057932376861572,
    5.355276107788086,
    6.152559280395508,
    6.73496675491333,
    6.986512184143066,
    7.128071308135986,
    7.116650581359863,
    7.3100690841674805,
    7.8979926109313965,
    8.17275333404541
  ]
}