{
  "train_loss": [
    0.08129359036684036,
    0.0814909040927887,
    0.0799371525645256,
    0.07841169089078903,
    0.07732294499874115,
    0.07693763077259064,
    0.07714468985795975,
    0.07559843361377716,
    0.07461242377758026,
    0.07292947918176651,
    0.0725446343421936,
    0.07248130440711975
  ],
  "val_mae": [
    0.7583317160606384,
    0.8909526467323303,
    1.1768035888671875,
    1.493324875831604,
    1.8070701360702515,
    2.1562492847442627,
    2.595778226852417,
    3.095137357711792,
    3.504267692565918,
    3.876725673675537,
    4.2020039558410645,
    4.4624786376953125
  ]
}