{
  "train_loss": [
    0.07552993297576904,
    0.06561875343322754,
    0.07033052295446396,
    0.07276730984449387,
    0.06585047394037247,
    0.06833349913358688,
    0.069340780377388,
    0.07232919335365295,
    0.06508875638246536,
    0.06994578242301941,
    0.06602288782596588,
    0.06570693105459213
  ],
  "val_mae": [
    31.774763107299805,
    27.012880325317383,
    27.987844467163086,
    28.05452537536621,
    31.348787307739258,
    31.131071090698242,
    34.79424285888672,
    38.44841003417969,
    47.9316520690918,
    50.09025955200195,
    49.42318344116211,
    49.02845001220703
  ]
}