{
  "train_loss": [
    0.06416204571723938,
    0.06439650058746338,
    0.06257204711437225,
    0.05222778767347336,
    0.06732909381389618,
    0.06660442799329758,
    0.055464524775743484,
    0.0754719004034996,
    0.053440388292074203,
    0.06997424364089966,
    0.06841839104890823,
    0.057788949459791183,
    0.06390100717544556
  ],
  "val_mae": [
    80.49647521972656,
    70.27201080322266,
    70.18585968017578,
    85.32184600830078,
    84.71915435791016,
    87.59268188476562,
    99.77395629882812,
    115.31836700439453,
    127.9203872680664,
    121.47620391845703,
    121.23153686523438,
    119.91331481933594,
    117.4715347290039
  ]
}