{
  "train_loss": [
    0.07131186127662659,
    0.10400334745645523,
    0.08123286813497543,
    0.0721159502863884,
    0.0689142644405365,
    0.0467892624437809,
    0.0818733274936676,
    0.07468366622924805,
    0.043247368186712265,
    0.06390292942523956,
    0.0936102569103241,
    0.0691998302936554
  ],
  "val_mae": [
    7.79683780670166,
    16.173757553100586,
    30.425512313842773,
    40.73748016357422,
    43.37635803222656,
    50.250308990478516,
    50.791587829589844,
    50.75263595581055,
    49.81935501098633,
    49.74061965942383,
    53.10498046875,
    57.04641342163086
  ]
}