{
  "train_loss": [
    0.08257711678743362,
    0.07841432839632034,
    0.07799244672060013,
    0.07448139786720276,
    0.07312551140785217,
    0.07338390499353409,
    0.0729072242975235,
    0.07338682562112808,
    0.0723050907254219,
    0.07322371751070023,
    0.07216532528400421,
    0.07310209423303604
  ],
  "val_mae": [
    0.5262691974639893,
    0.8061272501945496,
    1.2475268840789795,
    1.6589500904083252,
    2.0160205364227295,
    2.3031020164489746,
    2.572789430618286,
    2.804866313934326,
    2.975393772125244,
    3.13388729095459,
    3.2595226764678955,
    3.3816540241241455
  ]
}