{
  "train_loss": [
    0.07446157932281494,
    0.07091626524925232,
    0.07093998789787292,
    0.07213335484266281,
    0.07166317105293274,
    0.07154766470193863,
    0.0714300200343132,
    0.07178820669651031,
    0.0715351328253746,
    0.07088512927293777,
    0.07066727429628372,
    0.0726223737001419
  ],
  "val_mae": [
    2.383969783782959,
    2.6439461708068848,
    2.9887187480926514,
    3.5386674404144287,
    3.394721746444702,
    3.270385265350342,
    3.4352004528045654,
    3.4086804389953613,
    3.528468370437622,
    3.7498652935028076,
    3.894202709197998,
    3.724597215652466
  ]
}