{
  "train_loss": [
    0.08670105785131454,
    0.07317887991666794,
    0.08701860159635544,
    0.06993076950311661,
    0.08654537051916122,
    0.06626752018928528,
    0.07702769339084625,
    0.07535777240991592,
    0.06087921932339668,
    0.06418801099061966,
    0.07238269597291946,
    0.07548545300960541
  ],
  "val_mae": [
    12.056851387023926,
    15.909014701843262,
    20.935932159423828,
    26.968034744262695,
    35.044010162353516,
    40.79654312133789,
    51.02125549316406,
    55.060462951660156,
    57.544578552246094,
    61.13518142700195,
    65.58491516113281,
    69.08607482910156
  ]
}