{
  "train_loss": [
    0.08608581125736237,
    0.06839883327484131,
    0.07014767825603485,
    0.07157516479492188,
    0.0701737180352211,
    0.07230182737112045,
    0.06165427714586258,
    0.07156103104352951,
    0.07523700594902039,
    0.06521639227867126,
    0.07167605310678482,
    0.07891472429037094
  ],
  "val_mae": [
    5.488845348358154,
    5.5609917640686035,
    7.795785427093506,
    13.503908157348633,
    16.51572036743164,
    20.892534255981445,
    24.343061447143555,
    26.131410598754883,
    27.526100158691406,
    29.541675567626953,
    29.94365692138672,
    30.12439727783203
  ]
}