{
  "train_loss": [
    0.07570125162601471,
    0.06528934091329575,
    0.07033190876245499,
    0.06043221056461334,
    0.05081746727228165,
    0.0404033437371254,
    0.0632518082857132,
    0.03174178674817085,
    0.07219046354293823,
    0.038388244807720184,
    0.08248145878314972,
    0.05858762934803963
  ],
  "val_mae": [
    3.156851291656494,
    9.098628044128418,
    47.24001693725586,
    63.3430290222168,
    87.13959503173828,
    96.62557220458984,
    140.6276397705078,
    173.81024169921875,
    165.8060302734375,
    182.7439727783203,
    174.58938598632812,
    173.3061065673828
  ]
}