{
  "train_loss": [
    0.08150182664394379,
    0.0773545652627945,
    0.0737273246049881,
    0.07341215759515762,
    0.07324196398258209,
    0.071379654109478,
    0.07328654080629349,
    0.07206527888774872,
    0.07130476832389832,
    0.07061246782541275,
    0.07087752968072891,
    0.07140851020812988
  ],
  "val_mae": [
    0.9401240348815918,
    1.4007519483566284,
    1.9297007322311401,
    2.2568657398223877,
    2.4826436042785645,
    2.591750144958496,
    2.81485652923584,
    2.9912800788879395,
    3.1260390281677246,
    3.3098156452178955,
    3.516371011734009,
    3.6733601093292236
  ]
}