{
  "train_loss": [
    0.0702408105134964,
    0.06650089472532272,
    0.06626923382282257,
    0.06841686367988586,
    0.06351836770772934,
    0.06150820106267929,
    0.05864306539297104,
    0.06492713838815689,
    0.0680500790476799,
    0.06295419484376907,
    0.06761229783296585,
    0.061925992369651794,
    0.0604647621512413
  ],
  "val_mae": [
    94.40140533447266,
    90.55748748779297,
    77.63888549804688,
    82.53681945800781,
    89.0117416381836,
    85.6080093383789,
    94.8403091430664,
    93.16908264160156,
    95.0110855102539,
    96.55213928222656,
    93.66910552978516,
    89.45773315429688,
    94.73609924316406
  ]
}