{
  "train_loss": [
    0.07916776090860367,
    0.07578317075967789,
    0.06263803690671921,
    0.07350844889879227,
    0.0687468945980072,
    0.06578860431909561,
    0.0639210194349289,
    0.06986773014068604,
    0.06747979670763016,
    0.07216815650463104,
    0.07064198702573776,
    0.07018107920885086
  ],
  "val_mae": [
    24.49163818359375,
    24.08514976501465,
    25.616580963134766,
    29.18502426147461,
    33.65739822387695,
    38.228515625,
    38.5964241027832,
    37.860435485839844,
    42.05942916870117,
    40.794776916503906,
    43.20624923706055,
    48.83908462524414
  ]
}