{
  "train_loss": [
    0.07823760062456131,
    0.07342514395713806,
    0.07283031195402145,
    0.071132592856884,
    0.07182185351848602,
    0.0717582181096077,
    0.0705861896276474,
    0.07091820985078812,
    0.07164021581411362,
    0.07115472853183746,
    0.07091686129570007,
    0.07112956047058105
  ],
  "val_mae": [
    2.7311582565307617,
    2.794156789779663,
    2.9821879863739014,
    3.284060001373291,
    3.7474191188812256,
    4.402484893798828,
    4.648392200469971,
    4.818724155426025,
    5.243670463562012,
    5.677128791809082,
    5.948250770568848,
    6.077200412750244
  ]
}