{
  "train_loss": [
    0.08432066440582275,
    0.07878623157739639,
    0.0699286162853241,
    0.0692041739821434,
    0.07522432506084442,
    0.07160010933876038,
    0.07324596494436264,
    0.07601951062679291,
    0.07042519003152847,
    0.0765613541007042,
    0.07372234016656876,
    0.07283526659011841
  ],
  "val_mae": [
    15.914508819580078,
    23.750343322753906,
    32.20405960083008,
    37.65291213989258,
    42.031837463378906,
    45.99177169799805,
    49.19063949584961,
    53.96446228027344,
    57.912498474121094,
    62.565032958984375,
    64.96343231201172,
    67.9093017578125
  ]
}