{
  "train_loss": [
    0.08210758119821548,
    0.08232952654361725,
    0.08192994445562363,
    0.07763417065143585,
    0.07980049401521683,
    0.08081743121147156,
    0.07807131856679916,
    0.07894185930490494,
    0.07729219645261765,
    0.0801907554268837,
    0.08037635684013367,
    0.08060048520565033
  ],
  "val_mae": [
    0.8304182291030884,
    0.907970666885376,
    0.9453129172325134,
    0.991431713104248,
    1.0553287267684937,
    1.117798089981079,
    1.1819957494735718,
    1.2542386054992676,
    1.3395891189575195,
    1.430741310119629,
    1.515085220336914,
    1.5994505882263184
  ]
}