{
  "train_loss": [
    0.07419516146183014,
    0.06144620105624199,
    0.06881405413150787,
    0.06401965022087097,
    0.06309739500284195,
    0.06573384255170822,
    0.06311744451522827,
    0.06900142133235931,
    0.07008171081542969,
    0.07208266854286194,
    0.06478071957826614,
    0.06619585305452347,
    0.07075059413909912
  ],
  "val_mae": [
    33.563392639160156,
    58.30033493041992,
    49.4961051940918,
    55.66948318481445,
    61.038570404052734,
    66.77823638916016,
    63.92499923706055,
    61.49885177612305,
    61.86145782470703,
    60.77328872680664,
    64.60611724853516,
    63.04072570800781,
    62.377479553222656
  ]
}