{
  "train_loss": [
    0.07162440568208694,
    0.07670686393976212,
    0.07587069272994995,
    0.0785490870475769,
    0.07772206515073776,
    0.07403600960969925,
    0.07578641921281815,
    0.07766900211572647,
    0.07031871378421783,
    0.0720200464129448,
    0.07034982740879059,
    0.08034294098615646
  ],
  "val_mae": [
    2.558748483657837,
    4.294069290161133,
    5.758242130279541,
    7.433007717132568,
    10.225320816040039,
    12.592140197753906,
    15.445792198181152,
    17.682525634765625,
    19.17218589782715,
    20.652063369750977,
    22.605012893676758,
    23.800785064697266
  ]
}