{
  "train_loss": [
    0.07608775794506073,
    0.07450348138809204,
    0.07552085816860199,
    0.0709700658917427,
    0.0778001919388771,
    0.07050861418247223,
    0.07207397371530533,
    0.0708799734711647,
    0.07251626998186111,
    0.07238630950450897,
    0.07263366878032684,
    0.07178819179534912
  ],
  "val_mae": [
    26.114709854125977,
    37.573909759521484,
    46.27931213378906,
    48.088008880615234,
    49.35723114013672,
    54.792930603027344,
    56.652626037597656,
    60.62703323364258,
    60.284278869628906,
    60.978145599365234,
    65.31793975830078,
    66.01998138427734
  ]
}