{
  "train_loss": [
    0.08305295556783676,
    0.05566181242465973,
    0.06593693047761917,
    0.06609990447759628,
    0.06670945137739182,
    0.06547031551599503,
    0.056913286447525024,
    0.0542488694190979,
    0.0788864716887474,
    0.06775648146867752,
    0.06545394659042358,
    0.055353567004203796
  ],
  "val_mae": [
    31.998149871826172,
    46.053749084472656,
    68.90596771240234,
    71.11290740966797,
    79.6978530883789,
    79.22774505615234,
    91.15901184082031,
    105.35604858398438,
    107.72205352783203,
    107.41199493408203,
    108.14376831054688,
    112.01795959472656
  ]
}