{
  "train_loss": [
    0.07584059238433838,
    0.06933354586362839,
    0.06959371268749237,
    0.06350034475326538,
    0.07457426190376282,
    0.06793587654829025,
    0.07430439442396164,
    0.07010480016469955,
    0.06586357951164246,
    0.0669342502951622,
    0.06495492160320282,
    0.06977827847003937
  ],
  "val_mae": [
    13.347196578979492,
    21.239404678344727,
    23.057598114013672,
    26.326950073242188,
    26.498933792114258,
    27.526214599609375,
    29.96027183532715,
    29.996320724487305,
    30.950695037841797,
    31.759021759033203,
    32.6178092956543,
    33.02678680419922
  ]
}