{
  "train_loss": [
    0.07256238907575607,
    0.09215589612722397,
    0.0873970314860344,
    0.05808204412460327,
    0.0942327231168747,
    0.08953186124563217,
    0.09852360934019089,
    0.10121442377567291,
    0.08905378729104996,
    0.0762023851275444,
    0.07120291888713837,
    0.07278367877006531
  ],
  "val_mae": [
    8.41455078125,
    9.555660247802734,
    11.362833976745605,
    12.461209297180176,
    13.923600196838379,
    14.829455375671387,
    16.763883590698242,
    19.026477813720703,
    22.145038604736328,
    24.243276596069336,
    26.594989776611328,
    28.82295799255371
  ]
}