{
  "train_loss": [
    0.0806896835565567,
    0.07963448762893677,
    0.0786735787987709,
    0.07551158219575882,
    0.07470320165157318,
    0.07311736047267914,
    0.07092681527137756,
    0.07227370887994766,
    0.07247433811426163,
    0.07319830358028412,
    0.07121702283620834,
    0.071326345205307
  ],
  "val_mae": [
    0.5504839420318604,
    0.6936528086662292,
    0.8706285357475281,
    1.0778032541275024,
    1.3216266632080078,
    1.566202163696289,
    1.7584654092788696,
    1.9321962594985962,
    2.097503185272217,
    2.2906038761138916,
    2.4051673412323,
    2.5192885398864746
  ]
}