{
  "train_loss": [
    0.07623136788606644,
    0.07414842396974564,
    0.07084691524505615,
    0.07121911644935608,
    0.0724511370062828,
    0.0690746158361435,
    0.07457676529884338,
    0.07075706869363785,
    0.07251577079296112,
    0.07039236277341843,
    0.07158524543046951,
    0.070034921169281,
    0.0711342841386795,
    0.07086214423179626
  ],
  "val_mae": [
    47.33661651611328,
    53.377342224121094,
    52.580116271972656,
    52.33076477050781,
    56.59459686279297,
    70.73279571533203,
    73.35875701904297,
    78.77799987792969,
    85.34121704101562,
    87.5418472290039,
    88.69922637939453,
    88.13333129882812,
    88.05828094482422,
    86.5279312133789
  ]
}