{
  "train_loss": [
    0.09679005295038223,
    0.0891662985086441,
    0.07190518826246262,
    0.07479312270879745,
    0.08505382388830185,
    0.07674715667963028,
    0.05444853752851486,
    0.08242920786142349,
    0.07250510901212692,
    0.07111553847789764,
    0.07278627157211304,
    0.07674690335988998
  ],
  "val_mae": [
    5.906515121459961,
    19.192861557006836,
    37.552608489990234,
    42.04924011230469,
    56.43168640136719,
    69.7322006225586,
    85.98115539550781,
    84.06753540039062,
    80.79946899414062,
    89.71376037597656,
    90.95547485351562,
    97.24016571044922
  ]
}