{
  "train_loss": [
    0.08154908567667007,
    0.08114933967590332,
    0.07906388491392136,
    0.07950000464916229,
    0.0783868357539177,
    0.07657512277364731,
    0.07468901574611664,
    0.0739249736070633,
    0.07239124178886414,
    0.07347186654806137,
    0.07233184576034546,
    0.07268054038286209
  ],
  "val_mae": [
    0.7623857259750366,
    0.8109896779060364,
    0.8703594207763672,
    0.9772239327430725,
    1.1594034433364868,
    1.4648611545562744,
    1.8941084146499634,
    2.150684118270874,
    2.5579051971435547,
    3.0359249114990234,
    3.4284441471099854,
    3.7552332878112793
  ]
}