{
  "train_loss": [
    0.0742521733045578,
    0.07131930440664291,
    0.06792344152927399,
    0.06803461909294128,
    0.06751196086406708,
    0.06899470835924149,
    0.0695515125989914,
    0.06823202967643738,
    0.06981157511472702,
    0.07257577776908875,
    0.07042590528726578,
    0.0727357491850853,
    0.07118241488933563,
    0.0697355717420578,
    0.06701898574829102,
    0.06956210732460022,
    0.07399611920118332,
    0.06760764867067337,
    0.0706297755241394,
    0.07617224007844925,
    0.07344286143779755,
    0.06847183406352997,
    0.07155229896306992,
    0.07244576513767242,
    0.06874772161245346,
    0.07190760225057602,
    0.06748964637517929,
    0.0691814199090004,
    0.07298963516950607,
    0.06746357679367065,
    0.06862641125917435,
    0.07126855105161667,
    0.0701141282916069,
    0.06905609369277954,
    0.06824258714914322,
    0.0672658160328865,
    0.06973676383495331,
    0.06958199292421341,
    0.06786544620990753,
    0.06829235702753067
  ],
  "val_mae": [
    27.855695724487305,
    54.143524169921875,
    64.32923889160156,
    62.83538055419922,
    55.2127799987793,
    54.32349395751953,
    53.12446594238281,
    55.65972900390625,
    53.800880432128906,
    50.407283782958984,
    47.716392517089844,
    49.165245056152344,
    48.54387283325195,
    49.024505615234375,
    50.7907600402832,
    49.728416442871094,
    49.66918182373047,
    48.407249450683594,
    47.823028564453125,
    46.942325592041016,
    45.69505310058594,
    44.817867279052734,
    44.51581954956055,
    45.141204833984375,
    45.39195251464844,
    46.68958282470703,
    45.55746078491211,
    45.12987518310547,
    44.50178909301758,
    44.431434631347656,
    44.89060592651367,
    46.532596588134766,
    47.274662017822266,
    47.964359283447266,
    48.221763610839844,
    47.55154037475586,
    46.780113220214844,
    46.175437927246094,
    46.575496673583984,
    46.28042984008789
  ]
}