{
  "train_loss": [
    0.08529817312955856,
    0.08106172829866409,
    0.08036793023347855,
    0.07887471467256546,
    0.07816929370164871,
    0.07431953400373459,
    0.07449286431074142,
    0.0725037232041359,
    0.07285840064287186,
    0.0725473016500473,
    0.07289908826351166,
    0.07181660085916519
  ],
  "val_mae": [
    0.5430517196655273,
    0.6255873441696167,
    0.7392786741256714,
    0.8707914352416992,
    1.0034489631652832,
    1.1399427652359009,
    1.3292261362075806,
    1.4891440868377686,
    1.6424599885940552,
    1.78142249584198,
    1.9218876361846924,
    2.015573501586914
  ]
}