{
  "train_loss": [
    0.08178609609603882,
    0.08034104853868484,
    0.07866385579109192,
    0.07490117847919464,
    0.08078034222126007,
    0.07329346239566803,
    0.07789508998394012,
    0.06891884654760361,
    0.07372484356164932,
    0.07346221059560776,
    0.07110114395618439,
    0.07148806750774384
  ],
  "val_mae": [
    2.4166877269744873,
    4.17869234085083,
    6.952349662780762,
    8.808012962341309,
    10.70418643951416,
    11.836296081542969,
    13.74144458770752,
    15.11142635345459,
    18.25267219543457,
    21.104400634765625,
    23.393808364868164,
    25.0250244140625
  ]
}