{
  "train_loss": [
    0.06269276142120361,
    0.035276733338832855,
    0.07091370224952698,
    0.05851233750581741,
    0.05704633146524429,
    0.05917961522936821,
    0.06508024781942368,
    0.06136028468608856,
    0.0728224664926529,
    0.04080032557249069,
    0.07228628545999527,
    0.058653999119997025,
    0.046661127358675,
    0.05825581029057503
  ],
  "val_mae": [
    160.18174743652344,
    313.29974365234375,
    233.9527587890625,
    193.72071838378906,
    249.22006225585938,
    231.95140075683594,
    208.23178100585938,
    215.095947265625,
    201.1956329345703,
    197.36175537109375,
    234.8169403076172,
    235.18016052246094,
    238.1298370361328,
    232.92120361328125
  ]
}