{
  "train_loss": [
    0.08347374945878983,
    0.07567096501588821,
    0.08159457892179489,
    0.08181630820035934,
    0.08256233483552933,
    0.08109777420759201,
    0.0825289785861969,
    0.08918460458517075,
    0.08374644815921783,
    0.07531873136758804,
    0.0859277993440628,
    0.08070527762174606,
    0.08656283468008041
  ],
  "val_mae": [
    5.9871063232421875,
    5.835589408874512,
    5.7308878898620605,
    5.8213324546813965,
    6.028315544128418,
    6.400315761566162,
    6.805148601531982,
    7.115910053253174,
    7.474739074707031,
    7.874351978302002,
    8.199735641479492,
    8.450746536254883,
    8.76490306854248
  ]
}