{
  "train_loss": [
    0.0750536099076271,
    0.07157491147518158,
    0.07098910212516785,
    0.07217651605606079,
    0.07382645457983017,
    0.0711279883980751,
    0.06936565786600113,
    0.0699746385216713,
    0.07203923910856247,
    0.07426604628562927,
    0.07165307551622391,
    0.06860087811946869,
    0.07329032570123672,
    0.06930889934301376
  ],
  "val_mae": [
    27.078691482543945,
    28.32945442199707,
    24.8798770904541,
    22.84876251220703,
    25.42000389099121,
    26.27194595336914,
    26.28135108947754,
    26.844682693481445,
    26.222909927368164,
    25.489084243774414,
    27.682641983032227,
    27.44341278076172,
    27.147125244140625,
    27.36609649658203
  ]
}