{
  "train_loss": [
    0.08355545997619629,
    0.07478117942810059,
    0.07484709471464157,
    0.07235075533390045,
    0.07175955176353455,
    0.07169646769762039,
    0.06924721598625183,
    0.07121160626411438,
    0.0712554007768631,
    0.07156486809253693,
    0.07003449648618698,
    0.07135441899299622
  ],
  "val_mae": [
    1.788184404373169,
    2.971250057220459,
    3.9753379821777344,
    5.288425445556641,
    6.01864767074585,
    6.706124782562256,
    7.66188907623291,
    7.760670185089111,
    8.28722858428955,
    8.92361068725586,
    9.50856876373291,
    10.569559097290039
  ]
}