{
  "train_loss": [
    0.08299483358860016,
    0.06980492919683456,
    0.0740194320678711,
    0.07132875174283981,
    0.07524266093969345,
    0.0664641410112381,
    0.065184585750103,
    0.06868128478527069,
    0.0726075991988182,
    0.07452542334794998,
    0.0697561725974083,
    0.07064931094646454
  ],
  "val_mae": [
    5.365057945251465,
    7.959002494812012,
    8.727713584899902,
    9.9548921585083,
    14.289510726928711,
    22.21780776977539,
    24.89333724975586,
    29.751562118530273,
    29.750307083129883,
    32.28926086425781,
    36.2366943359375,
    37.28716278076172
  ]
}