{
  "train_loss": [
    0.08215302973985672,
    0.0804356038570404,
    0.07947023212909698,
    0.07920335978269577,
    0.08068939298391342,
    0.07430365681648254,
    0.08199607580900192,
    0.06996288895606995,
    0.07044100761413574,
    0.07317360490560532,
    0.06702639907598495,
    0.07299767434597015
  ],
  "val_mae": [
    4.165224552154541,
    8.186942100524902,
    12.910970687866211,
    18.59857177734375,
    25.726673126220703,
    30.279870986938477,
    40.05748748779297,
    42.62574768066406,
    45.849464416503906,
    45.99451446533203,
    45.95193099975586,
    46.770484924316406
  ]
}