{
  "train_loss": [
    0.08315259218215942,
    0.08133222162723541,
    0.06473250687122345,
    0.061157070100307465,
    0.08089213073253632,
    0.058680396527051926,
    0.06920909881591797,
    0.07767941057682037,
    0.05732910707592964,
    0.06866122782230377,
    0.07205639779567719,
    0.05950034409761429
  ],
  "val_mae": [
    20.314830780029297,
    21.884626388549805,
    41.32551574707031,
    45.208438873291016,
    46.64775085449219,
    49.48802947998047,
    54.248878479003906,
    53.671504974365234,
    53.19485855102539,
    55.52574920654297,
    58.75733184814453,
    63.75896453857422
  ]
}