{
  "train_loss": [
    0.0687420517206192,
    0.07371452450752258,
    0.08027084916830063,
    0.09324130415916443,
    0.08918491005897522,
    0.06604544818401337,
    0.05993180721998215,
    0.06063321977853775,
    0.06885148584842682,
    0.09484007954597473,
    0.07417576760053635,
    0.08888357877731323,
    0.09211665391921997,
    0.06824298948049545,
    0.0765041783452034,
    0.07935208827257156,
    0.08719611167907715,
    0.06304151564836502,
    0.07739564776420593,
    0.046103086322546005,
    0.0825105831027031,
    0.060339465737342834,
    0.08349600434303284
  ],
  "val_mae": [
    233.28225708007812,
    166.18124389648438,
    115.47505950927734,
    90.4841537475586,
    76.10299682617188,
    71.76435852050781,
    62.56925964355469,
    62.01169204711914,
    56.3194694519043,
    52.05415344238281,
    48.60643005371094,
    48.43026351928711,
    47.53234100341797,
    48.79438018798828,
    50.41738510131836,
    49.230796813964844,
    48.557498931884766,
    50.569149017333984,
    54.83147048950195,
    60.42052459716797,
    59.052371978759766,
    58.54603576660156,
    64.11309051513672
  ]
}