{
  "train_loss": [
    0.07796408236026764,
    0.0742725059390068,
    0.07068169116973877,
    0.07273070514202118,
    0.07236160337924957,
    0.07225347310304642,
    0.07246818393468857,
    0.07330348342657089,
    0.07097883522510529,
    0.07117369025945663,
    0.07337309420108795,
    0.07199468463659286
  ],
  "val_mae": [
    18.329740524291992,
    24.930301666259766,
    28.164501190185547,
    30.759689331054688,
    31.746448516845703,
    32.253177642822266,
    32.103023529052734,
    32.68181228637695,
    33.94412612915039,
    34.20979309082031,
    33.58637619018555,
    33.95400619506836
  ]
}