{
  "train_loss": [
    0.09023327380418777,
    0.06681308150291443,
    0.06667003780603409,
    0.06301235407590866,
    0.06328488141298294,
    0.066170834004879,
    0.06214524805545807,
    0.06047834828495979,
    0.05292237550020218,
    0.06555534154176712,
    0.06870037317276001,
    0.07194552570581436,
    0.08953959494829178
  ],
  "val_mae": [
    22.26884651184082,
    100.22442626953125,
    94.35405731201172,
    98.68104553222656,
    110.67298889160156,
    127.13581085205078,
    149.85411071777344,
    175.63804626464844,
    194.68162536621094,
    188.45166015625,
    180.38072204589844,
    172.2548370361328,
    161.2259521484375
  ]
}