{
  "train_loss": [
    0.08018995821475983,
    0.07452762126922607,
    0.07538219541311264,
    0.07319414615631104,
    0.07253963500261307,
    0.07124821096658707,
    0.07097218930721283,
    0.07207602262496948,
    0.072110615670681,
    0.07197470217943192,
    0.07291524857282639,
    0.07290579378604889
  ],
  "val_mae": [
    0.8416560888290405,
    1.024076223373413,
    1.1838232278823853,
    1.4224472045898438,
    1.627398133277893,
    1.7997050285339355,
    1.9654972553253174,
    2.154269218444824,
    2.2347428798675537,
    2.3076305389404297,
    2.4291083812713623,
    2.5978851318359375
  ]
}