{
  "train_loss": [
    0.08733996003866196,
    0.07497484236955643,
    0.07368119806051254,
    0.07705924659967422,
    0.07301487773656845,
    0.07394535839557648,
    0.0748123750090599,
    0.06903691589832306,
    0.06344548612833023,
    0.07004784792661667,
    0.07385702431201935,
    0.06794097274541855
  ],
  "val_mae": [
    7.091818332672119,
    10.598658561706543,
    15.481098175048828,
    17.009395599365234,
    17.019580841064453,
    20.198320388793945,
    21.01883888244629,
    20.2581787109375,
    22.777236938476562,
    23.27291488647461,
    23.892864227294922,
    24.704910278320312
  ]
}