{
  "train_loss": [
    0.073653943836689,
    0.07255368679761887,
    0.0699467882514,
    0.07101961225271225,
    0.07286377996206284,
    0.07100086659193039,
    0.07162971049547195,
    0.07218713313341141,
    0.07177082449197769,
    0.07261607050895691,
    0.0715247094631195,
    0.07152745872735977,
    0.0703829899430275,
    0.07136039435863495,
    0.0723271444439888,
    0.07018692791461945
  ],
  "val_mae": [
    8.847805976867676,
    12.791969299316406,
    14.608528137207031,
    11.375980377197266,
    10.107893943786621,
    9.921367645263672,
    10.523499488830566,
    10.24832534790039,
    10.798940658569336,
    11.53324031829834,
    11.481122016906738,
    11.628533363342285,
    11.870648384094238,
    12.161319732666016,
    12.181392669677734,
    13.042916297912598
  ]
}