{
  "train_loss": [
    0.08035620301961899,
    0.08437810838222504,
    0.09616433084011078,
    0.08212024718523026,
    0.05560768395662308,
    0.07062707841396332,
    0.08772003650665283,
    0.06383294612169266,
    0.07792636007070541,
    0.0601244680583477,
    0.07694226503372192,
    0.07454118132591248
  ],
  "val_mae": [
    1.3940619230270386,
    2.0384767055511475,
    3.1733779907226562,
    4.525535583496094,
    5.476771831512451,
    6.74954080581665,
    8.092028617858887,
    8.982891082763672,
    9.912749290466309,
    10.592276573181152,
    11.109305381774902,
    11.942636489868164
  ]
}