{
  "train_loss": [
    0.07212076336145401,
    0.07162278890609741,
    0.07008101046085358,
    0.06887777894735336,
    0.07155060768127441,
    0.07133905589580536,
    0.06935925036668777,
    0.06994786858558655,
    0.07028993964195251,
    0.06992146372795105,
    0.07155485451221466,
    0.07164210081100464,
    0.06914333254098892,
    0.07107602059841156,
    0.07214077562093735,
    0.06903418898582458
  ],
  "val_mae": [
    9.775130271911621,
    12.776759147644043,
    11.183246612548828,
    10.756220817565918,
    10.859199523925781,
    10.648826599121094,
    11.89370346069336,
    13.312766075134277,
    13.605426788330078,
    13.035857200622559,
    12.720569610595703,
    12.135634422302246,
    12.162541389465332,
    11.86997127532959,
    12.303728103637695,
    12.275528907775879
  ]
}