{
  "train_loss": [
    0.08675065636634827,
    0.08452466875314713,
    0.09665501862764359,
    0.06252606213092804,
    0.0774073377251625,
    0.07499642670154572,
    0.05768684297800064,
    0.08345912396907806,
    0.08939764648675919,
    0.06872828304767609,
    0.06841480731964111,
    0.06483106315135956
  ],
  "val_mae": [
    24.634986877441406,
    26.438718795776367,
    28.230043411254883,
    33.27815628051758,
    40.508636474609375,
    44.41179656982422,
    49.486568450927734,
    58.27080535888672,
    64.7384262084961,
    69.33158111572266,
    73.91557312011719,
    76.5932388305664
  ]
}