{
  "train_loss": [
    0.07404347509145737,
    0.0715877115726471,
    0.07369104772806168,
    0.07249723374843597,
    0.07016411423683167,
    0.06497316807508469,
    0.07615185528993607,
    0.07365149259567261,
    0.06757748872041702,
    0.07162816822528839,
    0.06965433806180954,
    0.06748057156801224
  ],
  "val_mae": [
    9.41832447052002,
    18.935882568359375,
    24.48394775390625,
    32.33839416503906,
    36.02192687988281,
    45.814605712890625,
    46.62294387817383,
    48.969390869140625,
    49.76877975463867,
    51.73219299316406,
    54.62062454223633,
    53.45827102661133
  ]
}