{
  "train_loss": [
    0.07169080525636673,
    0.06781675666570663,
    0.0738958939909935,
    0.07105746865272522,
    0.06891629844903946,
    0.07143531739711761,
    0.07032682746648788,
    0.07154388725757599,
    0.06765256077051163,
    0.07267037779092789,
    0.06613253057003021,
    0.07065445929765701
  ],
  "val_mae": [
    6.1959710121154785,
    14.752038955688477,
    17.618412017822266,
    25.562702178955078,
    26.72434425354004,
    26.826618194580078,
    25.225799560546875,
    24.747432708740234,
    23.40859031677246,
    23.28020668029785,
    22.632694244384766,
    22.83342170715332
  ]
}