{
  "train_loss": [
    0.072723887860775,
    0.082844577729702,
    0.06991062313318253,
    0.08160344511270523,
    0.06900890171527863,
    0.06606978178024292,
    0.04956798255443573,
    0.07155851274728775,
    0.06304337829351425,
    0.06737007200717926,
    0.07354635000228882,
    0.06858709454536438
  ],
  "val_mae": [
    8.169758796691895,
    20.759265899658203,
    33.0224494934082,
    41.634639739990234,
    47.93724822998047,
    56.121673583984375,
    71.30724334716797,
    75.29959869384766,
    82.34123229980469,
    80.87923431396484,
    79.9828872680664,
    82.73358154296875
  ]
}