{
  "train_loss": [
    0.08699698001146317,
    0.08192254602909088,
    0.07964520901441574,
    0.07084034383296967,
    0.06136317551136017,
    0.07565473020076752,
    0.06763367354869843,
    0.07154972851276398,
    0.08707017451524734,
    0.07272668927907944,
    0.07413807511329651,
    0.0642506405711174
  ],
  "val_mae": [
    4.428443431854248,
    14.150581359863281,
    32.41040802001953,
    34.98332977294922,
    37.65234375,
    44.87751770019531,
    44.271976470947266,
    43.169830322265625,
    48.64326095581055,
    55.958656311035156,
    59.21652603149414,
    70.67251586914062
  ]
}