{
  "train_loss": [
    0.0846877172589302,
    0.08252859115600586,
    0.07564954459667206,
    0.0731411948800087,
    0.07667408138513565,
    0.07773560285568237,
    0.07020435482263565,
    0.08127250522375107,
    0.08476340770721436,
    0.07513099163770676,
    0.08028198033571243,
    0.0743982270359993
  ],
  "val_mae": [
    1.1102163791656494,
    1.6980637311935425,
    2.803509473800659,
    3.6334779262542725,
    4.786316394805908,
    5.901573657989502,
    6.973592281341553,
    7.876804828643799,
    8.716367721557617,
    9.381484985351562,
    10.611391067504883,
    12.80052661895752
  ]
}