{
  "train_loss": [
    0.07809111475944519,
    0.0815960168838501,
    0.07695111632347107,
    0.08549921959638596,
    0.0907721221446991,
    0.07874621450901031,
    0.06937072426080704,
    0.08471697568893433,
    0.07606891542673111,
    0.07086793333292007,
    0.08465353399515152,
    0.06849230080842972
  ],
  "val_mae": [
    0.9332588315010071,
    0.858397901058197,
    0.9649558067321777,
    1.1247563362121582,
    1.286397933959961,
    1.413474202156067,
    1.524932861328125,
    1.6431723833084106,
    1.7566660642623901,
    1.8566675186157227,
    1.9874097108840942,
    2.0970652103424072
  ]
}