{"train_loss": 0.011542750522494316, "_timestamp": 1655717967, "_runtime": 471, "_step": 401, "mean_loss": 0.011730287224054337, "val_mae": 0.405275821685791, "_wandb": {"runtime": 516}}