{
  "train_loss": [
    0.09201277792453766,
    0.07597731053829193,
    0.07324483245611191,
    0.08531448245048523,
    0.07500514388084412,
    0.06500428169965744,
    0.07213857024908066,
    0.06734699755907059,
    0.07235730439424515,
    0.06648129224777222,
    0.06901566684246063,
    0.07120265811681747
  ],
  "val_mae": [
    3.299264669418335,
    9.461974143981934,
    18.19805335998535,
    22.22193717956543,
    24.64389419555664,
    27.152135848999023,
    30.474285125732422,
    32.927345275878906,
    36.41586685180664,
    41.56660842895508,
    41.28582000732422,
    42.2074089050293
  ]
}