{
  "train_loss": [
    0.07571763545274734,
    0.09032818675041199,
    0.08874326944351196,
    0.08834190666675568,
    0.0911480113863945,
    0.076442189514637,
    0.07996777445077896,
    0.07807483524084091,
    0.07322341203689575,
    0.06365463137626648,
    0.07472141832113266,
    0.07306255400180817
  ],
  "val_mae": [
    3.456014394760132,
    4.441429615020752,
    5.6492204666137695,
    6.375265121459961,
    7.21100378036499,
    7.633131504058838,
    8.407551765441895,
    9.744647979736328,
    10.748832702636719,
    12.318917274475098,
    14.582690238952637,
    17.9161319732666
  ]
}