{
  "train_loss": [
    0.08261938393115997,
    0.08213555067777634,
    0.0817355364561081,
    0.08103615045547485,
    0.08008689433336258,
    0.07980865985155106,
    0.07915464043617249,
    0.07936381548643112,
    0.07977674901485443,
    0.07963620871305466,
    0.07966557890176773,
    0.07766126841306686
  ],
  "val_mae": [
    0.32918983697891235,
    0.3407808542251587,
    0.36263158917427063,
    0.3859201967716217,
    0.40871214866638184,
    0.4316045939922333,
    0.4543941915035248,
    0.47777655720710754,
    0.5026667714118958,
    0.5309953093528748,
    0.5606516599655151,
    0.5915290117263794
  ]
}