{
  "train_loss": [
    0.07626998424530029,
    0.07509768009185791,
    0.07303037494421005,
    0.071805939078331,
    0.07401454448699951,
    0.07193716615438461,
    0.07277235388755798,
    0.0720323994755745,
    0.07352659851312637,
    0.0743626281619072,
    0.07255226373672485,
    0.07112527638673782
  ],
  "val_mae": [
    7.851462364196777,
    6.839310646057129,
    8.54254150390625,
    9.557578086853027,
    9.59686279296875,
    9.733510971069336,
    9.516819953918457,
    10.671982765197754,
    10.23991870880127,
    9.78387451171875,
    9.362821578979492,
    9.098627090454102
  ]
}