{
  "train_loss": [
    0.08184532821178436,
    0.07853973656892776,
    0.07384076714515686,
    0.07279621064662933,
    0.07200465351343155,
    0.07151708006858826,
    0.07192187011241913,
    0.07194796204566956,
    0.07152437418699265,
    0.07115717977285385,
    0.07056450098752975,
    0.0715954527258873
  ],
  "val_mae": [
    0.8128409385681152,
    0.9333832263946533,
    1.172715187072754,
    1.421180248260498,
    1.653328776359558,
    1.8666378259658813,
    2.0676612854003906,
    2.282172203063965,
    2.4752860069274902,
    2.6510300636291504,
    2.837965965270996,
    3.1011390686035156
  ]
}