{
  "train_loss": [
    0.07375859469175339,
    0.07258209586143494,
    0.06564911454916,
    0.07040674239397049,
    0.07093266397714615,
    0.07071861624717712,
    0.07171590626239777,
    0.06977751851081848,
    0.06981255859136581,
    0.06884699314832687,
    0.06692242622375488,
    0.0647701546549797
  ],
  "val_mae": [
    7.955289363861084,
    17.933637619018555,
    22.642683029174805,
    26.060283660888672,
    24.327896118164062,
    25.24526023864746,
    24.11882209777832,
    24.025358200073242,
    24.358205795288086,
    24.134023666381836,
    23.327274322509766,
    24.972383499145508
  ]
}