{"train_loss": 0.01427929662168026, "_timestamp": 1655717456, "_runtime": 14, "_step": 52, "mean_loss": 0.014422519132494926, "val_mae": 0.40643948316574097, "_wandb": {"runtime": 13}}