{
  "train_loss": [
    0.08821441978216171,
    0.07530113309621811,
    0.08066745847463608,
    0.08675172924995422,
    0.07957237213850021,
    0.08264251053333282,
    0.0760076642036438,
    0.07624499499797821,
    0.08564969897270203,
    0.0809813067317009,
    0.0912613570690155,
    0.07894781976938248
  ],
  "val_mae": [
    0.6903756856918335,
    0.7827399373054504,
    0.8127129077911377,
    0.9042640924453735,
    1.0411953926086426,
    1.2151695489883423,
    1.443376064300537,
    1.6999849081039429,
    2.0063319206237793,
    2.309560775756836,
    2.610401153564453,
    2.9271411895751953
  ]
}