{
  "train_loss": [
    0.08070018887519836,
    0.08239299058914185,
    0.08179528266191483,
    0.08799660205841064,
    0.0791836827993393,
    0.07825081050395966,
    0.07815715670585632,
    0.07725585997104645,
    0.08306202292442322,
    0.0797252207994461,
    0.08542671799659729,
    0.07981516420841217,
    0.07979448139667511,
    0.08113338053226471
  ],
  "val_mae": [
    0.7249164581298828,
    0.6285253167152405,
    0.5598518252372742,
    0.5479860305786133,
    0.5569788217544556,
    0.5953255295753479,
    0.6508669257164001,
    0.7195055484771729,
    0.8048962354660034,
    0.895462155342102,
    0.9971432685852051,
    1.1023478507995605,
    1.221063256263733,
    1.3543225526809692
  ]
}