{
  "train_loss": [
    0.08146564662456512,
    0.07573333382606506,
    0.0757795199751854,
    0.07515497505664825,
    0.07299496233463287,
    0.07261477410793304,
    0.07194692641496658,
    0.07147029787302017,
    0.07151858508586884,
    0.07171694934368134,
    0.07159261405467987,
    0.07128244638442993
  ],
  "val_mae": [
    0.8064931631088257,
    1.071541666984558,
    1.4064522981643677,
    1.7242461442947388,
    2.080204963684082,
    2.479480504989624,
    2.758530378341675,
    3.0063588619232178,
    3.224674940109253,
    3.455873966217041,
    3.6412391662597656,
    3.8100972175598145
  ]
}