{
  "train_loss": [
    0.10114413499832153,
    0.0763917937874794,
    0.08438271284103394,
    0.0917934849858284,
    0.10558159649372101,
    0.07967566698789597,
    0.0857246071100235,
    0.07593600451946259,
    0.088570237159729,
    0.08540581166744232,
    0.06826812773942947,
    0.08985912054777145
  ],
  "val_mae": [
    1.0680681467056274,
    1.069522738456726,
    1.0717586278915405,
    1.0740089416503906,
    1.0766468048095703,
    1.0786995887756348,
    1.0804708003997803,
    1.0812880992889404,
    1.08235502243042,
    1.083335041999817,
    1.0841859579086304,
    1.085026502609253
  ]
}