{
  "train_loss": [
    0.056775279343128204,
    0.023824697360396385,
    0.02916673757135868,
    0.04811854660511017,
    0.027655834332108498,
    0.10177864879369736,
    0.055475831031799316,
    0.04376712068915367,
    0.03645479679107666,
    0.05237568914890289,
    0.04621370881795883,
    0.050855472683906555,
    0.02480216510593891,
    0.03718212619423866,
    0.05878360942006111,
    0.04005791246891022,
    0.03359231725335121,
    0.042138226330280304,
    0.05886727571487427,
    0.0682685449719429,
    0.06536608189344406,
    0.04585253819823265,
    0.06972361356019974,
    0.07453539222478867,
    0.0665058121085167,
    0.03197360411286354,
    0.06110948696732521,
    0.05415742099285126,
    0.05525368079543114,
    0.0626990795135498,
    0.046178337186574936,
    0.07785336673259735,
    0.0785573199391365,
    0.054761577397584915,
    0.07794907689094543,
    0.05801039934158325,
    0.04421870782971382,
    0.039884865283966064,
    0.019919462502002716,
    0.05824354663491249,
    0.05097602680325508,
    0.06148605793714523,
    0.05574095621705055,
    0.04793770611286163,
    0.06333011388778687
  ],
  "val_mae": [
    172.15846252441406,
    229.9851531982422,
    278.7044372558594,
    295.43463134765625,
    343.1861572265625,
    307.5220031738281,
    293.8823547363281,
    270.7082214355469,
    252.49176025390625,
    237.6454620361328,
    220.31097412109375,
    207.8634490966797,
    208.416748046875,
    212.0053253173828,
    209.58538818359375,
    198.74932861328125,
    203.59893798828125,
    198.91665649414062,
    190.89402770996094,
    194.61468505859375,
    187.48626708984375,
    182.37281799316406,
    175.96665954589844,
    170.71363830566406,
    165.45443725585938,
    164.86233520507812,
    161.5166473388672,
    160.17446899414062,
    158.96401977539062,
    159.751708984375,
    156.34768676757812,
    155.58517456054688,
    157.5944366455078,
    153.20689392089844,
    149.94757080078125,
    157.2737274169922,
    158.010009765625,
    155.74343872070312,
    168.78042602539062,
    170.05421447753906,
    172.42604064941406,
    169.99337768554688,
    167.911376953125,
    166.99343872070312,
    165.3807373046875
  ]
}