{
  "train_loss": [
    0.08042982220649719,
    0.07835156470537186,
    0.07402478158473969,
    0.07350709289312363,
    0.07278306782245636,
    0.07152760028839111,
    0.0724693164229393,
    0.07204339653253555,
    0.07222765684127808,
    0.07207954674959183,
    0.07208087295293808,
    0.07132891565561295
  ],
  "val_mae": [
    1.1473561525344849,
    1.592741847038269,
    2.236750602722168,
    2.7288875579833984,
    3.277336835861206,
    3.545398473739624,
    3.8934619426727295,
    4.153350830078125,
    4.425728797912598,
    4.619000434875488,
    4.843811988830566,
    4.987760543823242
  ]
}