{"train_loss": 0.012348867952823639, "_timestamp": 1655717391, "_runtime": 367, "_step": 1385, "val_mae": 0.40589576959609985, "_wandb": {"runtime": 409}}