{
  "train_loss": [
    0.07821042835712433,
    0.06797236949205399,
    0.09032982587814331,
    0.08387397974729538,
    0.07811511307954788,
    0.07902849465608597,
    0.08050409704446793,
    0.07342813909053802,
    0.07748515158891678,
    0.07000922411680222,
    0.07373300194740295,
    0.0803186371922493
  ],
  "val_mae": [
    5.02050256729126,
    5.7064900398254395,
    6.713800430297852,
    8.341912269592285,
    10.08122444152832,
    11.947157859802246,
    14.116536140441895,
    16.1830997467041,
    18.284120559692383,
    20.887849807739258,
    23.952816009521484,
    27.329288482666016
  ]
}