{
  "train_loss": [
    0.04588642343878746,
    0.1296202391386032,
    0.09132446348667145,
    0.07709816843271255,
    0.06735879927873611,
    0.1019817516207695,
    0.07033270597457886,
    0.06960675120353699,
    0.07244589924812317,
    0.06762617826461792,
    0.07354060560464859,
    0.0752304196357727
  ],
  "val_mae": [
    34.40284729003906,
    46.375083923339844,
    50.69780349731445,
    62.562320709228516,
    64.78916931152344,
    64.63175964355469,
    62.296531677246094,
    60.57707977294922,
    62.591392517089844,
    72.4565200805664,
    78.06809997558594,
    83.09223937988281
  ]
}