{
  "train_loss": [
    0.07945548743009567,
    0.07363050431013107,
    0.07207752764225006,
    0.07213413715362549,
    0.07350104302167892,
    0.07230690121650696,
    0.06953335553407669,
    0.07125728577375412,
    0.07065184414386749,
    0.07081446051597595,
    0.07015225291252136,
    0.07111227512359619
  ],
  "val_mae": [
    5.387197494506836,
    8.144857406616211,
    10.451144218444824,
    11.95657730102539,
    12.820755004882812,
    13.855640411376953,
    15.269844055175781,
    16.553958892822266,
    17.684329986572266,
    18.854917526245117,
    19.736007690429688,
    20.594205856323242
  ]
}