{
  "train_loss": [
    0.059176649898290634,
    0.03785255178809166,
    0.055736396461725235,
    0.07484614104032516,
    0.047315437346696854,
    0.04337877407670021,
    0.04962250590324402,
    0.06785575300455093,
    0.06231587380170822,
    0.08151986449956894,
    0.07980810850858688,
    0.09840889275074005
  ],
  "val_mae": [
    74.69039154052734,
    201.30093383789062,
    264.7330017089844,
    227.8932647705078,
    206.02090454101562,
    248.17245483398438,
    396.0798034667969,
    346.6143493652344,
    308.139892578125,
    277.36041259765625,
    252.17633056640625,
    231.19027709960938
  ]
}