{
  "train_loss": [
    0.0846429094672203,
    0.0714082345366478,
    0.07319028675556183,
    0.07152128964662552,
    0.06666476279497147,
    0.06691526621580124,
    0.06545596569776535,
    0.061750926077365875,
    0.054689642041921616,
    0.06878143548965454,
    0.06571586430072784,
    0.062432873994112015,
    0.06396342813968658
  ],
  "val_mae": [
    113.69026947021484,
    96.29783630371094,
    81.98140716552734,
    83.90408325195312,
    94.469482421875,
    106.57215881347656,
    139.92637634277344,
    129.7567901611328,
    123.64997100830078,
    117.15499877929688,
    114.46924591064453,
    112.6590347290039,
    107.2752456665039
  ]
}