{
  "train_loss": [
    0.08134669065475464,
    0.08707419037818909,
    0.08184915035963058,
    0.07590728253126144,
    0.08038705587387085,
    0.07720192521810532,
    0.07805748283863068,
    0.07803326845169067,
    0.07886601239442825,
    0.07502095401287079,
    0.07375629246234894,
    0.07497280836105347
  ],
  "val_mae": [
    0.6061180830001831,
    0.696865975856781,
    0.7616350650787354,
    0.8277959227561951,
    0.9002540707588196,
    0.970090389251709,
    1.0498788356781006,
    1.1342356204986572,
    1.2278474569320679,
    1.3220999240875244,
    1.42086660861969,
    1.5146857500076294
  ]
}