{
  "train_loss": [
    0.08054664731025696,
    0.07763885706663132,
    0.07489754259586334,
    0.07309948652982712,
    0.07042098045349121,
    0.07117735594511032,
    0.07172238826751709,
    0.07028491050004959,
    0.06957970559597015,
    0.06989584118127823,
    0.07156354933977127,
    0.07284287363290787
  ],
  "val_mae": [
    2.012316942214966,
    3.1774003505706787,
    3.8155219554901123,
    6.187672138214111,
    6.988273620605469,
    9.008732795715332,
    9.739233016967773,
    10.004862785339355,
    10.134387016296387,
    11.582695007324219,
    12.098255157470703,
    12.9830961227417
  ]
}