{
  "train_loss": [
    0.07462708652019501,
    0.07255733013153076,
    0.07200533896684647,
    0.07047300785779953,
    0.0703028067946434,
    0.06948727369308472,
    0.07067520171403885,
    0.07021161168813705,
    0.07048442959785461,
    0.07212436199188232,
    0.07043444365262985,
    0.0712239071726799
  ],
  "val_mae": [
    2.761608362197876,
    3.561821460723877,
    4.409752368927002,
    4.640683174133301,
    5.177777290344238,
    5.791638374328613,
    6.176075458526611,
    6.556005477905273,
    6.57846212387085,
    6.817817211151123,
    6.69283390045166,
    6.830928325653076
  ]
}