{
  "train_loss": [
    0.07465051859617233,
    0.0724758729338646,
    0.07323066145181656,
    0.07178965210914612,
    0.06996858865022659,
    0.06739479303359985,
    0.07377737015485764,
    0.06983841210603714,
    0.07227842509746552,
    0.0714053064584732,
    0.07289367914199829,
    0.07083821296691895,
    0.06934179365634918,
    0.06952910870313644,
    0.07016832381486893,
    0.07218221575021744
  ],
  "val_mae": [
    8.12545108795166,
    11.07441234588623,
    14.180447578430176,
    11.865588188171387,
    11.018341064453125,
    10.32957935333252,
    10.658490180969238,
    11.994853973388672,
    11.528239250183105,
    11.774173736572266,
    12.787014961242676,
    14.147138595581055,
    14.045015335083008,
    13.806403160095215,
    14.430846214294434,
    14.470688819885254
  ]
}