{
  "train_loss": [
    0.08100417256355286,
    0.07120554149150848,
    0.07404886931180954,
    0.07545869052410126,
    0.07295341044664383,
    0.07354895025491714,
    0.07319501787424088,
    0.06525950878858566,
    0.07194644212722778,
    0.07438384741544724,
    0.06702026724815369,
    0.07801255583763123
  ],
  "val_mae": [
    10.330562591552734,
    12.375850677490234,
    13.986628532409668,
    14.486538887023926,
    15.026061058044434,
    16.68037223815918,
    17.44029426574707,
    18.056015014648438,
    18.345949172973633,
    19.01074981689453,
    19.869813919067383,
    20.68093490600586
  ]
}