{
  "train_loss": [
    0.07984844595193863,
    0.07995415478944778,
    0.0805097445845604,
    0.07843366265296936,
    0.07818397134542465,
    0.07957129925489426,
    0.07547953724861145,
    0.08093532919883728,
    0.07938972860574722,
    0.07661682367324829,
    0.0763063058257103,
    0.07922178506851196
  ],
  "val_mae": [
    0.7847972512245178,
    1.0217214822769165,
    1.3013391494750977,
    1.6046501398086548,
    1.945666790008545,
    2.323615550994873,
    2.727935552597046,
    3.1622824668884277,
    3.647667407989502,
    4.180191516876221,
    4.726628303527832,
    5.330422878265381
  ]
}