{
  "train_loss": [
    0.07584598660469055,
    0.07266940921545029,
    0.07235804200172424,
    0.07208914309740067,
    0.07125052809715271,
    0.07152429968118668,
    0.07182107120752335,
    0.07011160254478455,
    0.07077695429325104,
    0.07215294241905212,
    0.07139397412538528,
    0.06991799920797348
  ],
  "val_mae": [
    4.538593292236328,
    5.240309238433838,
    6.4865031242370605,
    7.167336940765381,
    8.263381004333496,
    8.84647274017334,
    9.570530891418457,
    9.377580642700195,
    9.223154067993164,
    9.310007095336914,
    9.133749961853027,
    9.55152702331543
  ]
}