{
  "train_loss": [
    0.07925698161125183,
    0.08350726217031479,
    0.07698623090982437,
    0.07659759372472763,
    0.07330320030450821,
    0.0736330971121788,
    0.07516256719827652,
    0.07379700988531113,
    0.0749746710062027,
    0.07021395117044449,
    0.07348006963729858,
    0.07129290699958801
  ],
  "val_mae": [
    7.3074164390563965,
    8.674195289611816,
    9.77588176727295,
    10.488384246826172,
    12.08350944519043,
    13.94194221496582,
    15.738720893859863,
    16.936534881591797,
    17.860960006713867,
    18.90576171875,
    19.602670669555664,
    19.800687789916992
  ]
}