{
  "train_loss": [
    0.07614873349666595,
    0.07259361445903778,
    0.07252833992242813,
    0.07117390632629395,
    0.07180602848529816,
    0.07029052078723907,
    0.07280256599187851,
    0.07056602835655212,
    0.07189419120550156,
    0.07124737650156021,
    0.07092831283807755,
    0.07035581767559052
  ],
  "val_mae": [
    2.0953369140625,
    3.2097926139831543,
    3.972623109817505,
    4.435463905334473,
    4.624223709106445,
    5.222316265106201,
    5.468855857849121,
    5.974760055541992,
    6.14260196685791,
    6.708611488342285,
    7.207010746002197,
    7.5646562576293945
  ]
}