{
  "train_loss": [
    0.07563681155443192,
    0.06537675112485886,
    0.0697593167424202,
    0.07249762117862701,
    0.06490281969308853,
    0.06794795393943787,
    0.06657743453979492,
    0.06962127238512039,
    0.07298343628644943,
    0.06807901710271835,
    0.06756732612848282,
    0.07316999137401581,
    0.06822710484266281,
    0.07040736079216003,
    0.06643644720315933,
    0.07295549660921097,
    0.07119567692279816,
    0.06481128185987473,
    0.07115021347999573
  ],
  "val_mae": [
    22.56294059753418,
    36.377323150634766,
    32.477561950683594,
    31.73906898498535,
    29.84571647644043,
    33.158287048339844,
    31.90616798400879,
    29.87725830078125,
    29.241132736206055,
    29.353160858154297,
    29.578140258789062,
    30.700176239013672,
    29.44916534423828,
    29.270904541015625,
    30.592195510864258,
    29.914230346679688,
    30.702503204345703,
    29.784021377563477,
    30.480791091918945
  ]
}